{
    "ALL": {
        "performance_sw": -0.26317475182043026,
        "performance_fw": -0.38088612681462136,
        "val_loss": 2.553311348761613,
        "annual_return_2022_2023": -0.00826253721155401,
        "annual_volatility_2022_2023": 0.029840933720854997,
        "sharpe_ratio_2022_2023": -0.2631747518204305,
        "downside_risk_2022_2023": 0.020851788816427987,
        "sortino_ratio_2022_2023": -0.37662861422654914,
        "max_drawdown_2022_2023": 0.029628947862087716,
        "calmar_ratio_2022_2023": -0.27886704752437386,
        "perc_pos_return_2022_2023": 0.4820717131474104,
        "profit_loss_ratio_2022_2023": 1.025044836495963,
        "sharpe_ratio_2022": -0.2631747518204305,
        "annual_return_2022_2023_0_5_bps": -0.009732896023869508,
        "annual_volatility_2022_2023_0_5_bps": 0.029843556324442643,
        "sharpe_ratio_2022_2023_0_5_bps": -0.3128633719691519,
        "downside_risk_2022_2023_0_5_bps": 0.02090315954963734,
        "sortino_ratio_2022_2023_0_5_bps": -0.4466767639143062,
        "max_drawdown_2022_2023_0_5_bps": 0.030402324511099577,
        "calmar_ratio_2022_2023_0_5_bps": -0.3201365744358175,
        "perc_pos_return_2022_2023_0_5_bps": 0.4820717131474104,
        "profit_loss_ratio_2022_2023_0_5_bps": 1.0159935096447863,
        "sharpe_ratio_2022_0_5_bps": -0.3128633719691519,
        "annual_return_2022_2023_1_0_bps": -0.011201084998642807,
        "annual_volatility_2022_2023_1_0_bps": 0.029846229365905617,
        "sharpe_ratio_2022_2023_1_0_bps": -0.36254264710294065,
        "downside_risk_2022_2023_1_0_bps": 0.02095467357436257,
        "sortino_ratio_2022_2023_1_0_bps": -0.5163779317276287,
        "max_drawdown_2022_2023_1_0_bps": 0.0315840982916103,
        "calmar_ratio_2022_2023_1_0_bps": -0.3546431781976235,
        "perc_pos_return_2022_2023_1_0_bps": 0.4820717131474104,
        "profit_loss_ratio_2022_2023_1_0_bps": 1.0070246925780568,
        "sharpe_ratio_2022_1_0_bps": -0.36254264710294065,
        "annual_return_2022_2023_1_5_bps": -0.012667107323023008,
        "annual_volatility_2022_2023_1_5_bps": 0.029848952831693438,
        "sharpe_ratio_2022_2023_1_5_bps": -0.41221232807983216,
        "downside_risk_2022_2023_1_5_bps": 0.021006329836418224,
        "sortino_ratio_2022_2023_1_5_bps": -0.5857332734139062,
        "max_drawdown_2022_2023_1_5_bps": 0.032764440312000716,
        "calmar_ratio_2022_2023_1_5_bps": -0.38661143613014487,
        "perc_pos_return_2022_2023_1_5_bps": 0.4820717131474104,
        "profit_loss_ratio_2022_2023_1_5_bps": 0.9981372622047663,
        "sharpe_ratio_2022_1_5_bps": -0.41221232807983216,
        "annual_return_2022_2023_2_0_bps": -0.014130966179487947,
        "annual_volatility_2022_2023_2_0_bps": 0.029851726708005004,
        "sharpe_ratio_2022_2023_2_0_bps": -0.4618721660392489,
        "downside_risk_2022_2023_2_0_bps": 0.021058127289066114,
        "sortino_ratio_2022_2023_2_0_bps": -0.6547439611022231,
        "max_drawdown_2022_2023_2_0_bps": 0.033943352296466,
        "calmar_ratio_2022_2023_2_0_bps": -0.41631027059631903,
        "perc_pos_return_2022_2023_2_0_bps": 0.4820717131474104,
        "profit_loss_ratio_2022_2023_2_0_bps": 0.9893301157246132,
        "sharpe_ratio_2022_2_0_bps": -0.4618721660392489,
        "annual_return_2022_2023_2_5_bps": -0.01559266474587051,
        "annual_volatility_2022_2023_2_5_bps": 0.029854550980788926,
        "sharpe_ratio_2022_2023_2_5_bps": -0.5115219124081076,
        "downside_risk_2022_2023_2_5_bps": 0.02111006511305672,
        "sortino_ratio_2022_2023_2_5_bps": -0.7234111751902232,
        "max_drawdown_2022_2023_2_5_bps": 0.035120835967142765,
        "calmar_ratio_2022_2023_2_5_bps": -0.4439719134378863,
        "perc_pos_return_2022_2023_2_5_bps": 0.47808764940239046,
        "profit_loss_ratio_2022_2023_2_5_bps": 0.9963814710261094,
        "sharpe_ratio_2022_2_5_bps": -0.5115219124081076,
        "annual_return_2022_2023_3_0_bps": -0.0170522061953563,
        "annual_volatility_2022_2023_3_0_bps": 0.029857425635743912,
        "sharpe_ratio_2022_2023_3_0_bps": -0.5611613189069086,
        "downside_risk_2022_2023_3_0_bps": 0.021162144966641365,
        "sortino_ratio_2022_2023_3_0_bps": -0.7917360161425143,
        "max_drawdown_2022_2023_3_0_bps": 0.0362968930441076,
        "calmar_ratio_2022_2023_3_0_bps": -0.46979795693903165,
        "perc_pos_return_2022_2023_3_0_bps": 0.47808764940239046,
        "profit_loss_ratio_2022_2023_3_0_bps": 0.9875978917623172,
        "sharpe_ratio_2022_3_0_bps": -0.5611613189069086
    },
    "COMB": {
        "annual_return_2022_2023": -0.00826253721155401,
        "annual_volatility_2022_2023": 0.029840933720854997,
        "sharpe_ratio_2022_2023": -0.2631747518204305,
        "downside_risk_2022_2023": 0.020851788816427987,
        "sortino_ratio_2022_2023": -0.37662861422654914,
        "max_drawdown_2022_2023": 0.029628947862087716,
        "calmar_ratio_2022_2023": -0.27886704752437386,
        "perc_pos_return_2022_2023": 0.4820717131474104,
        "profit_loss_ratio_2022_2023": 1.025044836495963,
        "sharpe_ratio_2022": -0.2631747518204305,
        "annual_return_2022_2023_0_5_bps": -0.009732896023869508,
        "annual_volatility_2022_2023_0_5_bps": 0.029843556324442643,
        "sharpe_ratio_2022_2023_0_5_bps": -0.3128633719691519,
        "downside_risk_2022_2023_0_5_bps": 0.02090315954963734,
        "sortino_ratio_2022_2023_0_5_bps": -0.4466767639143062,
        "max_drawdown_2022_2023_0_5_bps": 0.030402324511099577,
        "calmar_ratio_2022_2023_0_5_bps": -0.3201365744358175,
        "perc_pos_return_2022_2023_0_5_bps": 0.4820717131474104,
        "profit_loss_ratio_2022_2023_0_5_bps": 1.0159935096447863,
        "sharpe_ratio_2022_0_5_bps": -0.3128633719691519,
        "annual_return_2022_2023_1_0_bps": -0.011201084998642807,
        "annual_volatility_2022_2023_1_0_bps": 0.029846229365905617,
        "sharpe_ratio_2022_2023_1_0_bps": -0.36254264710294065,
        "downside_risk_2022_2023_1_0_bps": 0.02095467357436257,
        "sortino_ratio_2022_2023_1_0_bps": -0.5163779317276287,
        "max_drawdown_2022_2023_1_0_bps": 0.0315840982916103,
        "calmar_ratio_2022_2023_1_0_bps": -0.3546431781976235,
        "perc_pos_return_2022_2023_1_0_bps": 0.4820717131474104,
        "profit_loss_ratio_2022_2023_1_0_bps": 1.0070246925780568,
        "sharpe_ratio_2022_1_0_bps": -0.36254264710294065,
        "annual_return_2022_2023_1_5_bps": -0.012667107323023008,
        "annual_volatility_2022_2023_1_5_bps": 0.029848952831693438,
        "sharpe_ratio_2022_2023_1_5_bps": -0.41221232807983216,
        "downside_risk_2022_2023_1_5_bps": 0.021006329836418224,
        "sortino_ratio_2022_2023_1_5_bps": -0.5857332734139062,
        "max_drawdown_2022_2023_1_5_bps": 0.032764440312000716,
        "calmar_ratio_2022_2023_1_5_bps": -0.38661143613014487,
        "perc_pos_return_2022_2023_1_5_bps": 0.4820717131474104,
        "profit_loss_ratio_2022_2023_1_5_bps": 0.9981372622047663,
        "sharpe_ratio_2022_1_5_bps": -0.41221232807983216,
        "annual_return_2022_2023_2_0_bps": -0.014130966179487947,
        "annual_volatility_2022_2023_2_0_bps": 0.029851726708005004,
        "sharpe_ratio_2022_2023_2_0_bps": -0.4618721660392489,
        "downside_risk_2022_2023_2_0_bps": 0.021058127289066114,
        "sortino_ratio_2022_2023_2_0_bps": -0.6547439611022231,
        "max_drawdown_2022_2023_2_0_bps": 0.033943352296466,
        "calmar_ratio_2022_2023_2_0_bps": -0.41631027059631903,
        "perc_pos_return_2022_2023_2_0_bps": 0.4820717131474104,
        "profit_loss_ratio_2022_2023_2_0_bps": 0.9893301157246132,
        "sharpe_ratio_2022_2_0_bps": -0.4618721660392489,
        "annual_return_2022_2023_2_5_bps": -0.01559266474587051,
        "annual_volatility_2022_2023_2_5_bps": 0.029854550980788926,