{
    "ALL": {
        "performance_sw": 0.32439792338293927,
        "performance_fw": 0.34911472112428904,
        "val_loss": 1.9115637900631155,
        "annual_return_2022_2023": 0.011452221262683304,
        "annual_volatility_2022_2023": 0.0372303549588879,
        "sharpe_ratio_2022_2023": 0.32439792338293927,
        "downside_risk_2022_2023": 0.024792253833999266,
        "sortino_ratio_2022_2023": 0.487146102824679,
        "max_drawdown_2022_2023": 0.02989885420245435,
        "calmar_ratio_2022_2023": 0.3830321117035719,
        "perc_pos_return_2022_2023": 0.46215139442231074,
        "profit_loss_ratio_2022_2023": 1.2258598042081676,
        "sharpe_ratio_2022": 0.32439792338293927,
        "annual_return_2022_2023_0_5_bps": 0.010323047109129124,
        "annual_volatility_2022_2023_0_5_bps": 0.037230752285280395,
        "sharpe_ratio_2022_2023_0_5_bps": 0.29439122417578084,
        "downside_risk_2022_2023_0_5_bps": 0.024832245419866526,
        "sortino_ratio_2022_2023_0_5_bps": 0.44137799691204316,
        "max_drawdown_2022_2023_0_5_bps": 0.030240429807133935,
        "calmar_ratio_2022_2023_0_5_bps": 0.3413657535612752,
        "perc_pos_return_2022_2023_0_5_bps": 0.46215139442231074,
        "profit_loss_ratio_2022_2023_0_5_bps": 1.2199717495511588,
        "sharpe_ratio_2022_0_5_bps": 0.29439122417578084,
        "annual_return_2022_2023_1_0_bps": 0.009195127989714225,
        "annual_volatility_2022_2023_1_0_bps": 0.0372311647464694,
        "sharpe_ratio_2022_2023_1_0_bps": 0.2643850579495604,
        "downside_risk_2022_2023_1_0_bps": 0.02487228938551137,
        "sortino_ratio_2022_2023_1_0_bps": 0.3957562368488245,
        "max_drawdown_2022_2023_1_0_bps": 0.030581886499122392,
        "calmar_ratio_2022_2023_1_0_bps": 0.30067236009060777,
        "perc_pos_return_2022_2023_1_0_bps": 0.46215139442231074,
        "profit_loss_ratio_2022_2023_1_0_bps": 1.2141144535805464,
        "sharpe_ratio_2022_1_0_bps": 0.2643850579495604,
        "annual_return_2022_2023_1_5_bps": 0.008068462515687713,
        "annual_volatility_2022_2023_1_5_bps": 0.03723159234195191,
        "sharpe_ratio_2022_2023_1_5_bps": 0.23437946128262319,
        "downside_risk_2022_2023_1_5_bps": 0.024912385478349314,
        "sortino_ratio_2022_2023_1_5_bps": 0.3502804082485292,
        "max_drawdown_2022_2023_1_5_bps": 0.03092322431934856,
        "calmar_ratio_2022_2023_1_5_bps": 0.2609191859284642,
        "perc_pos_return_2022_2023_1_5_bps": 0.46215139442231074,
        "profit_loss_ratio_2022_2023_1_5_bps": 1.2082876759031655,
        "sharpe_ratio_2022_1_5_bps": 0.23437946128262319,
        "annual_return_2022_2023_2_0_bps": 0.0069430492998394655,
        "annual_volatility_2022_2023_2_0_bps": 0.03723203507120649,
        "sharpe_ratio_2022_2023_2_0_bps": 0.20437447074875562,
        "downside_risk_2022_2023_2_0_bps": 0.02495253344709162,
        "sortino_ratio_2022_2023_2_0_bps": 0.30495009569715026,
        "max_drawdown_2022_2023_2_0_bps": 0.03126444330872141,
        "calmar_ratio_2022_2023_2_0_bps": 0.22207493769456174,
        "perc_pos_return_2022_2023_2_0_bps": 0.46215139442231074,
        "profit_loss_ratio_2022_2023_2_0_bps": 1.2024911786243853,
        "sharpe_ratio_2022_2_0_bps": 0.20437447074875562,
        "annual_return_2022_2023_2_5_bps": 0.005818886956483693,
        "annual_volatility_2022_2023_2_5_bps": 0.03723249293369327,
        "sharpe_ratio_2022_2023_2_5_bps": 0.1743701229169599,
        "downside_risk_2022_2023_2_5_bps": 0.02499273304174018,
        "sortino_ratio_2022_2023_2_5_bps": 0.2597648827965434,
        "max_drawdown_2022_2023_2_5_bps": 0.03160554350813838,
        "calmar_ratio_2022_2023_2_5_bps": 0.18410969439539424,
        "perc_pos_return_2022_2023_2_5_bps": 0.46215139442231074,
        "profit_loss_ratio_2022_2023_2_5_bps": 1.1967247263157323,
        "sharpe_ratio_2022_2_5_bps": 0.1743701229169599,
        "annual_return_2022_2023_3_0_bps": 0.004695974101455169,
        "annual_volatility_2022_2023_3_0_bps": 0.037232965928853966,
        "sharpe_ratio_2022_2023_3_0_bps": 0.14436645435123352,
        "downside_risk_2022_2023_3_0_bps": 0.025032984013603744,
        "sortino_ratio_2022_2023_3_0_bps": 0.21472435220698716,
        "max_drawdown_2022_2023_3_0_bps": 0.03194652495848525,
        "calmar_ratio_2022_2023_3_0_bps": 0.1469948330078975,
        "perc_pos_return_2022_2023_3_0_bps": 0.4581673306772908,
        "profit_loss_ratio_2022_2023_3_0_bps": 1.2102433483526827,
        "sharpe_ratio_2022_3_0_bps": 0.14436645435123352
    },
    "COMB": {
        "annual_return_2022_2023": 0.011452221262683304,
        "annual_volatility_2022_2023": 0.0372303549588879,
        "sharpe_ratio_2022_2023": 0.32439792338293927,
        "downside_risk_2022_2023": 0.024792253833999266,
        "sortino_ratio_2022_2023": 0.487146102824679,
        "max_drawdown_2022_2023": 0.02989885420245435,
        "calmar_ratio_2022_2023": 0.3830321117035719,
        "perc_pos_return_2022_2023": 0.46215139442231074,
        "profit_loss_ratio_2022_2023": 1.2258598042081676,
        "sharpe_ratio_2022": 0.32439792338293927,
        "annual_return_2022_2023_0_5_bps": 0.010323047109129124,
        "annual_volatility_2022_2023_0_5_bps": 0.037230752285280395,
        "sharpe_ratio_2022_2023_0_5_bps": 0.29439122417578084,
        "downside_risk_2022_2023_0_5_bps": 0.024832245419866526,
        "sortino_ratio_2022_2023_0_5_bps": 0.44137799691204316,
        "max_drawdown_2022_2023_0_5_bps": 0.030240429807133935,
        "calmar_ratio_2022_2023_0_5_bps": 0.3413657535612752,
        "perc_pos_return_2022_2023_0_5_bps": 0.46215139442231074,
        "profit_loss_ratio_2022_2023_0_5_bps": 1.2199717495511588,
        "sharpe_ratio_2022_0_5_bps": 0.29439122417578084,
        "annual_return_2022_2023_1_0_bps": 0.009195127989714225,
        "annual_volatility_2022_2023_1_0_bps": 0.0372311647464694,
        "sharpe_ratio_2022_2023_1_0_bps": 0.2643850579495604,
        "downside_risk_2022_2023_1_0_bps": 0.02487228938551137,
        "sortino_ratio_2022_2023_1_0_bps": 0.3957562368488245,
        "max_drawdown_2022_2023_1_0_bps": 0.030581886499122392,
        "calmar_ratio_2022_2023_1_0_bps": 0.30067236009060777,
        "perc_pos_return_2022_2023_1_0_bps": 0.46215139442231074,
        "profit_loss_ratio_2022_2023_1_0_bps": 1.2141144535805464,
        "sharpe_ratio_2022_1_0_bps": 0.2643850579495604,
        "annual_return_2022_2023_1_5_bps": 0.008068462515687713,
        "annual_volatility_2022_2023_1_5_bps": 0.03723159234195191,
        "sharpe_ratio_2022_2023_1_5_bps": 0.23437946128262319,
        "downside_risk_2022_2023_1_5_bps": 0.024912385478349314,
        "sortino_ratio_2022_2023_1_5_bps": 0.3502804082485292,
        "max_drawdown_2022_2023_1_5_bps": 0.03092322431934856,
        "calmar_ratio_2022_2023_1_5_bps": 0.2609191859284642,
        "perc_pos_return_2022_2023_1_5_bps": 0.46215139442231074,
        "profit_loss_ratio_2022_2023_1_5_bps": 1.2082876759031655,
        "sharpe_ratio_2022_1_5_bps": 0.23437946128262319,
        "annual_return_2022_2023_2_0_bps": 0.0069430492998394655,
        "annual_volatility_2022_2023_2_0_bps": 0.03723203507120649,
        "sharpe_ratio_2022_2023_2_0_bps": 0.20437447074875562,
        "downside_risk_2022_2023_2_0_bps": 0.02495253344709162,
        "sortino_ratio_2022_2023_2_0_bps": 0.30495009569715026,
        "max_drawdown_2022_2023_2_0_bps": 0.03126444330872141,
        "calmar_ratio_2022_2023_2_0_bps": 0.22207493769456174,
        "perc_pos_return_2022_2023_2_0_bps": 0.46215139442231074,
        "profit_loss_ratio_2022_2023_2_0_bps": 1.2024911786243853,
        "sharpe_ratio_2022_2_0_bps": 0.20437447074875562,
        "annual_return_2022_2023_2_5_bps": 0.005818886956483693,
        "annual_volatility_2022_2023_2_5_bps": 0.03723249293369327,