{
    "ALL": {
        "performance_sw": 1.6920011822345251,
        "performance_fw": 1.2405977586143246,
        "val_loss": 4.712010157421871,
        "annual_return_2021_2022": 0.06499100958888859,
        "annual_volatility_2021_2022": 0.03763587218156767,
        "sharpe_ratio_2021_2022": 1.6920011822345244,
        "downside_risk_2021_2022": 0.025966934021841796,
        "sortino_ratio_2021_2022": 2.4523472879807944,
        "max_drawdown_2021_2022": 0.023555098141712246,
        "calmar_ratio_2021_2022": 2.759105871598985,
        "perc_pos_return_2021_2022": 0.5753968253968254,
        "profit_loss_ratio_2021_2022": 0.9779448335758236,
        "sharpe_ratio_2021": 1.6920011822345244,
        "annual_return_2021_2022_0_5_bps": 0.060841234918680875,
        "annual_volatility_2021_2022_0_5_bps": 0.03763811312148217,
        "sharpe_ratio_2021_2022_0_5_bps": 1.5881492816645384,
        "downside_risk_2021_2022_0_5_bps": 0.026081140935986142,
        "sortino_ratio_2021_2022_0_5_bps": 2.2918837202637286,
        "max_drawdown_2021_2022_0_5_bps": 0.02369469883394309,
        "calmar_ratio_2021_2022_0_5_bps": 2.5677150549609307,
        "perc_pos_return_2021_2022_0_5_bps": 0.5753968253968254,
        "profit_loss_ratio_2021_2022_0_5_bps": 0.9613062928265034,
        "sharpe_ratio_2021_0_5_bps": 1.5881492816645384,
        "annual_return_2021_2022_1_0_bps": 0.05670755959701923,
        "annual_volatility_2021_2022_1_0_bps": 0.03764051739002677,
        "sharpe_ratio_2021_2022_1_0_bps": 1.4843033061852757,
        "downside_risk_2021_2022_1_0_bps": 0.02619596307263718,
        "sortino_ratio_2021_2022_1_0_bps": 2.1327692459186465,
        "max_drawdown_2021_2022_1_0_bps": 0.023834281522743524,
        "calmar_ratio_2021_2022_1_0_bps": 2.379243508679162,
        "perc_pos_return_2021_2022_1_0_bps": 0.5714285714285714,
        "profit_loss_ratio_2021_2022_1_0_bps": 0.9603988237187576,
        "sharpe_ratio_2021_1_0_bps": 1.4843033061852757,
        "annual_return_2021_2022_1_5_bps": 0.052589921438227494,
        "annual_volatility_2021_2022_1_5_bps": 0.03764308495590602,
        "sharpe_ratio_2021_2022_1_5_bps": 1.380464607533147,
        "downside_risk_2021_2022_1_5_bps": 0.026311408273305168,
        "sortino_ratio_2021_2022_1_5_bps": 1.9749967755513078,
        "max_drawdown_2021_2022_1_5_bps": 0.023973846210186285,
        "calmar_ratio_2021_2022_1_5_bps": 2.193637223545819,
        "perc_pos_return_2021_2022_1_5_bps": 0.5634920634920635,
        "profit_loss_ratio_2021_2022_1_5_bps": 0.9750332498856022,
        "sharpe_ratio_2021_1_5_bps": 1.380464607533147,
        "annual_return_2021_2022_2_0_bps": 0.04848825849577998,
        "annual_volatility_2021_2022_2_0_bps": 0.0376458157857077,
        "sharpe_ratio_2021_2022_2_0_bps": 1.276634536624608,
        "downside_risk_2021_2022_2_0_bps": 0.026427492531598797,
        "sortino_ratio_2021_2022_2_0_bps": 1.818558780556953,
        "max_drawdown_2021_2022_2_0_bps": 0.02453927736505398,
        "calmar_ratio_2021_2022_2_0_bps": 1.9759448403656494,
        "perc_pos_return_2021_2022_2_0_bps": 0.5634920634920635,
        "profit_loss_ratio_2021_2022_2_0_bps": 0.9583836707373264,
        "sharpe_ratio_2021_2_0_bps": 1.276634536624608,
        "annual_return_2021_2022_2_5_bps": 0.04440250906137688,
        "annual_volatility_2021_2022_2_5_bps": 0.037648709843905004,
        "sharpe_ratio_2021_2022_2_5_bps": 1.1728144434686703,
        "downside_risk_2021_2022_2_5_bps": 0.026544208859282888,
        "sortino_ratio_2021_2022_2_5_bps": 1.663449489753818,
        "max_drawdown_2021_2022_2_5_bps": 0.02679613311850377,
        "calmar_ratio_2021_2022_2_5_bps": 1.6570491296266634,
        "perc_pos_return_2021_2022_2_5_bps": 0.5634920634920635,
        "profit_loss_ratio_2021_2022_2_5_bps": 0.9420175727879034,
        "sharpe_ratio_2021_2_5_bps": 1.1728144434686703,
        "annual_return_2021_2022_3_0_bps": 0.040332611664041895,
        "annual_volatility_2021_2022_3_0_bps": 0.03765176709285888,
        "sharpe_ratio_2021_2022_3_0_bps": 1.0690056770795595,
        "downside_risk_2021_2022_3_0_bps": 0.026661548955323616,
        "sortino_ratio_2021_2022_3_0_bps": 1.5096629547589213,
        "max_drawdown_2021_2022_3_0_bps": 0.029047807123102887,
        "calmar_ratio_2021_2022_3_0_bps": 1.3884907557088448,
        "perc_pos_return_2021_2022_3_0_bps": 0.5634920634920635,
        "profit_loss_ratio_2021_2022_3_0_bps": 0.925927777186177,
        "sharpe_ratio_2021_3_0_bps": 1.0690056770795595
    },
    "COMB": {
        "annual_return_2021_2022": 0.06499100958888859,
        "annual_volatility_2021_2022": 0.03763587218156767,
        "sharpe_ratio_2021_2022": 1.6920011822345244,
        "downside_risk_2021_2022": 0.025966934021841796,
        "sortino_ratio_2021_2022": 2.4523472879807944,
        "max_drawdown_2021_2022": 0.023555098141712246,
        "calmar_ratio_2021_2022": 2.759105871598985,
        "perc_pos_return_2021_2022": 0.5753968253968254,
        "profit_loss_ratio_2021_2022": 0.9779448335758236,
        "sharpe_ratio_2021": 1.6920011822345244,
        "annual_return_2021_2022_0_5_bps": 0.060841234918680875,
        "annual_volatility_2021_2022_0_5_bps": 0.03763811312148217,
        "sharpe_ratio_2021_2022_0_5_bps": 1.5881492816645384,
        "downside_risk_2021_2022_0_5_bps": 0.026081140935986142,
        "sortino_ratio_2021_2022_0_5_bps": 2.2918837202637286,
        "max_drawdown_2021_2022_0_5_bps": 0.02369469883394309,
        "calmar_ratio_2021_2022_0_5_bps": 2.5677150549609307,
        "perc_pos_return_2021_2022_0_5_bps": 0.5753968253968254,
        "profit_loss_ratio_2021_2022_0_5_bps": 0.9613062928265034,
        "sharpe_ratio_2021_0_5_bps": 1.5881492816645384,
        "annual_return_2021_2022_1_0_bps": 0.05670755959701923,
        "annual_volatility_2021_2022_1_0_bps": 0.03764051739002677,
        "sharpe_ratio_2021_2022_1_0_bps": 1.4843033061852757,
        "downside_risk_2021_2022_1_0_bps": 0.02619596307263718,
        "sortino_ratio_2021_2022_1_0_bps": 2.1327692459186465,
        "max_drawdown_2021_2022_1_0_bps": 0.023834281522743524,
        "calmar_ratio_2021_2022_1_0_bps": 2.379243508679162,
        "perc_pos_return_2021_2022_1_0_bps": 0.5714285714285714,
        "profit_loss_ratio_2021_2022_1_0_bps": 0.9603988237187576,
        "sharpe_ratio_2021_1_0_bps": 1.4843033061852757,
        "annual_return_2021_2022_1_5_bps": 0.052589921438227494,
        "annual_volatility_2021_2022_1_5_bps": 0.03764308495590602,
        "sharpe_ratio_2021_2022_1_5_bps": 1.380464607533147,
        "downside_risk_2021_2022_1_5_bps": 0.026311408273305168,
        "sortino_ratio_2021_2022_1_5_bps": 1.9749967755513078,
        "max_drawdown_2021_2022_1_5_bps": 0.023973846210186285,
        "calmar_ratio_2021_2022_1_5_bps": 2.193637223545819,
        "perc_pos_return_2021_2022_1_5_bps": 0.5634920634920635,
        "profit_loss_ratio_2021_2022_1_5_bps": 0.9750332498856022,
        "sharpe_ratio_2021_1_5_bps": 1.380464607533147,
        "annual_return_2021_2022_2_0_bps": 0.04848825849577998,
        "annual_volatility_2021_2022_2_0_bps": 0.0376458157857077,
        "sharpe_ratio_2021_2022_2_0_bps": 1.276634536624608,
        "downside_risk_2021_2022_2_0_bps": 0.026427492531598797,
        "sortino_ratio_2021_2022_2_0_bps": 1.818558780556953,
        "max_drawdown_2021_2022_2_0_bps": 0.02453927736505398,
        "calmar_ratio_2021_2022_2_0_bps": 1.9759448403656494,
        "perc_pos_return_2021_2022_2_0_bps": 0.5634920634920635,
        "profit_loss_ratio_2021_2022_2_0_bps": 0.9583836707373264,
        "sharpe_ratio_2021_2_0_bps": 1.276634536624608,
        "annual_return_2021_2022_2_5_bps": 0.04440250906137688,
        "annual_volatility_2021_2022_2_5_bps": 0.037648709843905004,
        "sharpe_ratio_2021_2022_2_5_bps": 1.1728144434686703,