{
    "ALL": {
        "performance_sw": 0.8153151935752762,
        "performance_fw": 1.0776276686389443,
        "val_loss": 0.2958482471431056,
        "annual_return_2023_2024": 0.020984467007645113,
        "annual_volatility_2023_2024": 0.025881536866264872,
        "sharpe_ratio_2023_2024": 0.8153151935752764,
        "downside_risk_2023_2024": 0.017176820203053774,
        "sortino_ratio_2023_2024": 1.2284933992842781,
        "max_drawdown_2023_2024": 0.022775410088518386,
        "calmar_ratio_2023_2024": 0.9213650567031445,
        "perc_pos_return_2023_2024": 0.5220883534136547,
        "profit_loss_ratio_2023_2024": 1.058370586030397,
        "sharpe_ratio_2023": 0.8153151935752764,
        "annual_return_2023_2024_0_5_bps": 0.02045914908643587,
        "annual_volatility_2023_2024_0_5_bps": 0.025881334544496398,
        "sharpe_ratio_2023_2024_0_5_bps": 0.7954346579425863,
        "downside_risk_2023_2024_0_5_bps": 0.017193031246967614,
        "sortino_ratio_2023_2024_0_5_bps": 1.1973985386742145,
        "max_drawdown_2023_2024_0_5_bps": 0.022833799521918906,
        "calmar_ratio_2023_2024_0_5_bps": 0.8960028341668003,
        "perc_pos_return_2023_2024_0_5_bps": 0.5220883534136547,
        "profit_loss_ratio_2023_2024_0_5_bps": 1.0546276849040106,
        "sharpe_ratio_2023_0_5_bps": 0.7954346579425863,
        "annual_return_2023_2024_1_0_bps": 0.019934100280011302,
        "annual_volatility_2023_2024_1_0_bps": 0.025881136035513758,
        "sharpe_ratio_2023_2024_1_0_bps": 0.7755536972299454,
        "downside_risk_2023_2024_1_0_bps": 0.01720925954426592,
        "sortino_ratio_2023_2024_1_0_bps": 1.1663610912034776,
        "max_drawdown_2023_2024_1_0_bps": 0.022930480580178072,
        "calmar_ratio_2023_2024_1_0_bps": 0.8693276274917261,
        "perc_pos_return_2023_2024_1_0_bps": 0.5220883534136547,
        "profit_loss_ratio_2023_2024_1_0_bps": 1.0508984566001638,
        "sharpe_ratio_2023_1_0_bps": 0.7755536972299454,
        "annual_return_2023_2024_1_5_bps": 0.01940932045111432,
        "annual_volatility_2023_2024_1_5_bps": 0.02588094133940471,
        "sharpe_ratio_2023_2024_1_5_bps": 0.7556723202116123,
        "downside_risk_2023_2024_1_5_bps": 0.017225505046185006,
        "sortino_ratio_2023_2024_1_5_bps": 1.135380991081017,
        "max_drawdown_2023_2024_1_5_bps": 0.023117485792872556,
        "calmar_ratio_2023_2024_1_5_bps": 0.8395947822794158,
        "perc_pos_return_2023_2024_1_5_bps": 0.5220883534136547,
        "profit_loss_ratio_2023_2024_1_5_bps": 1.0471828263351923,
        "sharpe_ratio_2023_1_5_bps": 0.7556723202116123,
        "annual_return_2023_2024_2_0_bps": 0.018884809462540897,
        "annual_volatility_2023_2024_2_0_bps": 0.025880750456255288,
        "sharpe_ratio_2023_2024_2_0_bps": 0.7357905356628001,
        "downside_risk_2023_2024_2_0_bps": 0.017241767704093365,
        "sortino_ratio_2023_2024_2_0_bps": 1.1044581720609996,
        "max_drawdown_2023_2024_2_0_bps": 0.023304455647149204,
        "calmar_ratio_2023_2024_2_0_bps": 0.8103518807078871,
        "perc_pos_return_2023_2024_2_0_bps": 0.5220883534136547,
        "profit_loss_ratio_2023_2024_2_0_bps": 1.0434807198698117,
        "sharpe_ratio_2023_2_0_bps": 0.7357905356628001,
        "annual_return_2023_2024_2_5_bps": 0.018360567177165166,
        "annual_volatility_2023_2024_2_5_bps": 0.02588056338614987,
        "sharpe_ratio_2023_2024_2_5_bps": 0.7159083523596511,
        "downside_risk_2023_2024_2_5_bps": 0.017258047469491538,
        "sortino_ratio_2023_2024_2_5_bps": 1.0735925674484164,
        "max_drawdown_2023_2024_2_5_bps": 0.023491390149618565,
        "calmar_ratio_2023_2024_2_5_bps": 0.7815870861717943,
        "perc_pos_return_2023_2024_2_5_bps": 0.5220883534136547,
        "profit_loss_ratio_2023_2024_2_5_bps": 1.0397920635041766,
        "sharpe_ratio_2023_2_5_bps": 0.7159083523596511,
        "annual_return_2023_2024_3_0_bps": 0.017836593457941863,
        "annual_volatility_2023_2024_3_0_bps": 0.02588038012917113,
        "sharpe_ratio_2023_2024_3_0_bps": 0.6960257790792238,
        "downside_risk_2023_2024_3_0_bps": 0.017274344294011975,
        "sortino_ratio_2023_2024_3_0_bps": 1.0427841101046607,
        "max_drawdown_2023_2024_3_0_bps": 0.023678289306871894,
        "calmar_ratio_2023_2024_3_0_bps": 0.7532889402092634,
        "perc_pos_return_2023_2024_3_0_bps": 0.5220883534136547,
        "profit_loss_ratio_2023_2024_3_0_bps": 1.036116784072984,
        "sharpe_ratio_2023_3_0_bps": 0.6960257790792238
    },
    "COMB": {
        "annual_return_2023_2024": 0.020984467007645113,
        "annual_volatility_2023_2024": 0.025881536866264872,
        "sharpe_ratio_2023_2024": 0.8153151935752764,
        "downside_risk_2023_2024": 0.017176820203053774,
        "sortino_ratio_2023_2024": 1.2284933992842781,
        "max_drawdown_2023_2024": 0.022775410088518386,
        "calmar_ratio_2023_2024": 0.9213650567031445,
        "perc_pos_return_2023_2024": 0.5220883534136547,
        "profit_loss_ratio_2023_2024": 1.058370586030397,
        "sharpe_ratio_2023": 0.8153151935752764,
        "annual_return_2023_2024_0_5_bps": 0.02045914908643587,
        "annual_volatility_2023_2024_0_5_bps": 0.025881334544496398,
        "sharpe_ratio_2023_2024_0_5_bps": 0.7954346579425863,
        "downside_risk_2023_2024_0_5_bps": 0.017193031246967614,
        "sortino_ratio_2023_2024_0_5_bps": 1.1973985386742145,
        "max_drawdown_2023_2024_0_5_bps": 0.022833799521918906,
        "calmar_ratio_2023_2024_0_5_bps": 0.8960028341668003,
        "perc_pos_return_2023_2024_0_5_bps": 0.5220883534136547,
        "profit_loss_ratio_2023_2024_0_5_bps": 1.0546276849040106,
        "sharpe_ratio_2023_0_5_bps": 0.7954346579425863,
        "annual_return_2023_2024_1_0_bps": 0.019934100280011302,
        "annual_volatility_2023_2024_1_0_bps": 0.025881136035513758,
        "sharpe_ratio_2023_2024_1_0_bps": 0.7755536972299454,
        "downside_risk_2023_2024_1_0_bps": 0.01720925954426592,
        "sortino_ratio_2023_2024_1_0_bps": 1.1663610912034776,
        "max_drawdown_2023_2024_1_0_bps": 0.022930480580178072,
        "calmar_ratio_2023_2024_1_0_bps": 0.8693276274917261,
        "perc_pos_return_2023_2024_1_0_bps": 0.5220883534136547,
        "profit_loss_ratio_2023_2024_1_0_bps": 1.0508984566001638,
        "sharpe_ratio_2023_1_0_bps": 0.7755536972299454,
        "annual_return_2023_2024_1_5_bps": 0.01940932045111432,
        "annual_volatility_2023_2024_1_5_bps": 0.02588094133940471,
        "sharpe_ratio_2023_2024_1_5_bps": 0.7556723202116123,
        "downside_risk_2023_2024_1_5_bps": 0.017225505046185006,
        "sortino_ratio_2023_2024_1_5_bps": 1.135380991081017,
        "max_drawdown_2023_2024_1_5_bps": 0.023117485792872556,
        "calmar_ratio_2023_2024_1_5_bps": 0.8395947822794158,
        "perc_pos_return_2023_2024_1_5_bps": 0.5220883534136547,
        "profit_loss_ratio_2023_2024_1_5_bps": 1.0471828263351923,
        "sharpe_ratio_2023_1_5_bps": 0.7556723202116123,
        "annual_return_2023_2024_2_0_bps": 0.018884809462540897,
        "annual_volatility_2023_2024_2_0_bps": 0.025880750456255288,
        "sharpe_ratio_2023_2024_2_0_bps": 0.7357905356628001,
        "downside_risk_2023_2024_2_0_bps": 0.017241767704093365,
        "sortino_ratio_2023_2024_2_0_bps": 1.1044581720609996,
        "max_drawdown_2023_2024_2_0_bps": 0.023304455647149204,
        "calmar_ratio_2023_2024_2_0_bps": 0.8103518807078871,
        "perc_pos_return_2023_2024_2_0_bps": 0.5220883534136547,
        "profit_loss_ratio_2023_2024_2_0_bps": 1.0434807198698117,
        "sharpe_ratio_2023_2_0_bps": 0.7357905356628001,
        "annual_return_2023_2024_2_5_bps": 0.018360567177165166,
        "annual_volatility_2023_2024_2_5_bps": 0.02588056338614987,
        "sharpe_ratio_2023_2024_2_5_bps": 0.7159083523596511,