{
    "ALL": {
        "annual_return": 0.024331255592987003,
        "annual_volatility": 0.03871987832705551,
        "sharpe_ratio": 0.49200538033290453,
        "downside_risk": 0.026808327276688252,
        "sortino_ratio": 0.7321458969384805,
        "max_drawdown": 0.039370512307652504,
        "calmar_ratio": 0.749654554524655,
        "perc_pos_return": 0.5213198939133332,
        "profit_loss_ratio": 0.9988890064287992,
        "annual_return_0_5_bps": 0.023253359246147753,
        "annual_volatility_0_5_bps": 0.038721718608496755,
        "sharpe_ratio_0_5_bps": 0.465019620071471,
        "downside_risk_0_5_bps": 0.02684243349385125,
        "sortino_ratio_0_5_bps": 0.6922536020516418,
        "max_drawdown_0_5_bps": 0.03968304710008701,
        "calmar_ratio_0_5_bps": 0.7146665691734286,
        "perc_pos_return_0_5_bps": 0.5203278304212697,
        "profit_loss_ratio_0_5_bps": 0.997994602863896,
        "annual_return_1_0_bps": 0.0221770033122925,
        "annual_volatility_1_0_bps": 0.03872358922139,
        "sharpe_ratio_1_0_bps": 0.4380368599653498,
        "downside_risk_1_0_bps": 0.026876610010892,
        "sortino_ratio_1_0_bps": 0.6525023446893463,
        "max_drawdown_1_0_bps": 0.040097645229367256,
        "calmar_ratio_1_0_bps": 0.681574092234838,
        "perc_pos_return_1_0_bps": 0.5203278304212697,
        "profit_loss_ratio_1_0_bps": 0.9932609248314861,
        "annual_return_1_5_bps": 0.021102185346159503,
        "annual_volatility_1_5_bps": 0.038725490160263755,
        "sharpe_ratio_1_5_bps": 0.41105719294549076,
        "downside_risk_1_5_bps": 0.02691085648106325,
        "sortino_ratio_1_5_bps": 0.6128917442508363,
        "max_drawdown_1_5_bps": 0.04051184948545075,
        "calmar_ratio_1_5_bps": 0.6493183774283607,
        "perc_pos_return_1_5_bps": 0.5203278304212697,
        "profit_loss_ratio_1_5_bps": 0.9885582342880437,
        "annual_return_2_0_bps": 0.0200289029065165,
        "annual_volatility_2_0_bps": 0.038727421419544,
        "sharpe_ratio_2_0_bps": 0.38408071186206605,
        "downside_risk_2_0_bps": 0.026945172502554002,
        "sortino_ratio_2_0_bps": 0.5734214183813234,
        "max_drawdown_2_0_bps": 0.0409638067397765,
        "calmar_ratio_2_0_bps": 0.614663336074593,
        "perc_pos_return_2_0_bps": 0.5203278304212697,
        "profit_loss_ratio_2_0_bps": 0.983886177965698,
        "annual_return_2_5_bps": 0.018957153556149756,
        "annual_volatility_2_5_bps": 0.0387293829935535,
        "sharpe_ratio_2_5_bps": 0.35710750948257647,
        "downside_risk_2_5_bps": 0.026979557732539003,
        "sortino_ratio_2_5_bps": 0.5340909816476525,
        "max_drawdown_2_5_bps": 0.04162489904774425,
        "calmar_ratio_2_5_bps": 0.5649071282063348,
        "perc_pos_return_2_5_bps": 0.5183436721925248,
        "profit_loss_ratio_2_5_bps": 0.9868887936867629,
        "annual_return_3_0_bps": 0.01788693486186825,
        "annual_volatility_3_0_bps": 0.038731374876514256,
        "sharpe_ratio_3_0_bps": 0.3301376784899628,
        "downside_risk_3_0_bps": 0.027014012670817503,
        "sortino_ratio_3_0_bps": 0.494900059221044,
        "max_drawdown_3_0_bps": 0.04228530759262675,
        "calmar_ratio_3_0_bps": 0.5183530325089776,
        "perc_pos_return_3_0_bps": 0.5163475926362042,
        "profit_loss_ratio_3_0_bps": 0.9903586096553334,
        "annual_return_rescaled": 0.09355311804363589,
        "annual_volatility_rescaled": 0.1500000000000008,
        "downside_risk_rescaled": 0.10385489999573268,
        "max_drawdown_rescaled": 0.14583282013219734,
        "annual_return_rescaled_0_5_bps": 0.0889761722617351,
        "annual_volatility_rescaled_0_5_bps": 0.1500000000000013,
        "downside_risk_rescaled_0_5_bps": 0.10398208469998593,
        "max_drawdown_rescaled_0_5_bps": 0.14727517622547687,
        "annual_return_rescaled_1_0_bps": 0.08442531123919497,
        "annual_volatility_rescaled_1_0_bps": 0.1500000000000014,
        "downside_risk_rescaled_1_0_bps": 0.10410944808305474,
        "max_drawdown_rescaled_1_0_bps": 0.14880576753716607,
        "annual_return_rescaled_1_5_bps": 0.07990037966392455,
        "annual_volatility_rescaled_1_5_bps": 0.1500000000000013,
        "downside_risk_rescaled_1_5_bps": 0.10423698849140839,
        "max_drawdown_rescaled_1_5_bps": 0.15111770406073022,
        "annual_return_rescaled_2_0_bps": 0.07540122308413882,
        "annual_volatility_rescaled_2_0_bps": 0.15000000000000058,
        "downside_risk_rescaled_2_0_bps": 0.10436470405807702,
        "max_drawdown_rescaled_2_0_bps": 0.15341999555334962,
        "annual_return_rescaled_2_5_bps": 0.0709276879046242,
        "annual_volatility_rescaled_2_5_bps": 0.1500000000000019,
        "downside_risk_rescaled_2_5_bps": 0.1044925931444493,
        "max_drawdown_rescaled_2_5_bps": 0.15571268027076118,
        "annual_return_rescaled_3_0_bps": 0.06647962138297211,
        "annual_volatility_rescaled_3_0_bps": 0.15000000000000155,
        "downside_risk_rescaled_3_0_bps": 0.10462065737510806,
        "max_drawdown_rescaled_3_0_bps": 0.15799579635335362,
        "sharpe_ratio_years": 0.49200538033290453,
        "sharpe_ratio_years_0_5_bps": 0.465019620071471,
        "sharpe_ratio_years_1_0_bps": 0.4380368599653498,
        "sharpe_ratio_years_1_5_bps": 0.41105719294549076,
        "sharpe_ratio_years_2_0_bps": 0.38408071186206605,
        "sharpe_ratio_years_2_5_bps": 0.35710750948257647,
        "sharpe_ratio_years_3_0_bps": 0.3301376784899628,
        "sharpe_ratio_years_std": 0.6440767244786875,
        "sharpe_ratio_years_std_0_5_bps": 0.645728206765233,
        "sharpe_ratio_years_std_1_0_bps": 0.6478006920930892,
        "sharpe_ratio_years_std_1_5_bps": 0.6502898880395268,
        "sharpe_ratio_years_std_2_0_bps": 0.6531907553647296,
        "sharpe_ratio_years_std_2_5_bps": 0.6564975539534278,
        "sharpe_ratio_years_std_3_0_bps": 0.660203893744649
    },
    "COMB": {
        "annual_return": 0.024331255592987003,
        "annual_volatility": 0.03871987832705551,
        "sharpe_ratio": 0.49200538033290453,
        "downside_risk": 0.026808327276688252,
        "sortino_ratio": 0.7321458969384805,
        "max_drawdown": 0.039370512307652504,
        "calmar_ratio": 0.749654554524655,
        "perc_pos_return": 0.5213198939133332,
        "profit_loss_ratio": 0.9988890064287992,
        "annual_return_0_5_bps": 0.023253359246147753,
        "annual_volatility_0_5_bps": 0.038721718608496755,
        "sharpe_ratio_0_5_bps": 0.465019620071471,
        "downside_risk_0_5_bps": 0.02684243349385125,
        "sortino_ratio_0_5_bps": 0.6922536020516418,
        "max_drawdown_0_5_bps": 0.03968304710008701,
        "calmar_ratio_0_5_bps": 0.7146665691734286,
        "perc_pos_return_0_5_bps": 0.5203278304212697,
        "profit_loss_ratio_0_5_bps": 0.997994602863896,
        "annual_return_1_0_bps": 0.0221770033122925,
        "annual_volatility_1_0_bps": 0.03872358922139,
        "sharpe_ratio_1_0_bps": 0.4380368599653498,
        "downside_risk_1_0_bps": 0.026876610010892,
        "sortino_ratio_1_0_bps": 0.6525023446893463,
        "max_drawdown_1_0_bps": 0.040097645229367256,
        "calmar_ratio_1_0_bps": 0.681574092234838,
        "perc_pos_return_1_0_bps": 0.5203278304212697,
        "profit_loss_ratio_1_0_bps": 0.9932609248314861,
        "annual_return_1_5_bps": 0.021102185346159503,
        "annual_volatility_1_5_bps": 0.038725490160263755,
        "sharpe_ratio_1_5_bps": 0.41105719294549076,
        "downside_risk_1_5_bps": 0.02691085648106325,
        "sortino_ratio_1_5_bps": 0.6128917442508363,
        "max_drawdown_1_5_bps": 0.04051184948545075,
        "calmar_ratio_1_5_bps": 0.6493183774283607,
        "perc_pos_return_1_5_bps": 0.5203278304212697,
        "profit_loss_ratio_1_5_bps": 0.9885582342880437,