{
    "ALL": {
        "performance_sw": 0.6714378420233605,
        "performance_fw": 0.7429102860769944,
        "val_loss": 5.00533855901229,
        "annual_return_2020_2021": 0.04676311896788099,
        "annual_volatility_2020_2021": 0.0719233995625011,
        "sharpe_ratio_2020_2021": 0.6714378420233603,
        "downside_risk_2020_2021": 0.05348710917345303,
        "sortino_ratio_2020_2021": 0.9028734762356194,
        "max_drawdown_2020_2021": 0.08529270954481662,
        "calmar_ratio_2020_2021": 0.5482663080753643,
        "perc_pos_return_2020_2021": 0.5652173913043478,
        "profit_loss_ratio_2020_2021": 0.8903672475212858,
        "sharpe_ratio_2020": 0.6714378420233603,
        "annual_return_2020_2021_0_5_bps": 0.045187938568195696,
        "annual_volatility_2020_2021_0_5_bps": 0.07192718504272466,
        "sharpe_ratio_2020_2021_0_5_bps": 0.6504656515351588,
        "downside_risk_2020_2021_0_5_bps": 0.05352267128443592,
        "sortino_ratio_2020_2021_0_5_bps": 0.8741372984406882,
        "max_drawdown_2020_2021_0_5_bps": 0.08548311775580954,
        "calmar_ratio_2020_2021_0_5_bps": 0.528618278725856,
        "perc_pos_return_2020_2021_0_5_bps": 0.5652173913043478,
        "profit_loss_ratio_2020_2021_0_5_bps": 0.8863220783048168,
        "sharpe_ratio_2020_0_5_bps": 0.6504656515351588,
        "annual_return_2020_2021_1_0_bps": 0.04361511381135941,
        "annual_volatility_2020_2021_1_0_bps": 0.07193104138142416,
        "sharpe_ratio_2020_2021_1_0_bps": 0.6294950483265965,
        "downside_risk_2020_2021_1_0_bps": 0.05355834429255155,
        "sortino_ratio_2020_2021_1_0_bps": 0.8454375311389004,
        "max_drawdown_2020_2021_1_0_bps": 0.0856734887148254,
        "calmar_ratio_2020_2021_1_0_bps": 0.509085301248063,
        "perc_pos_return_2020_2021_1_0_bps": 0.5652173913043478,
        "profit_loss_ratio_2020_2021_1_0_bps": 0.8822953199689174,
        "sharpe_ratio_2020_1_0_bps": 0.6294950483265965,
        "annual_return_2020_2021_1_5_bps": 0.042044641196479215,
        "annual_volatility_2020_2021_1_5_bps": 0.07193496856720366,
        "sharpe_ratio_2020_2021_1_5_bps": 0.6085260942091474,
        "downside_risk_2020_2021_1_5_bps": 0.053594127976355856,
        "sortino_ratio_2020_2021_1_5_bps": 0.8167742831559859,
        "max_drawdown_2020_2021_1_5_bps": 0.08586382242869621,
        "calmar_ratio_2020_2021_1_5_bps": 0.48966654415361366,
        "perc_pos_return_2020_2021_1_5_bps": 0.5652173913043478,
        "profit_loss_ratio_2020_2021_1_5_bps": 0.8782868471081123,
        "sharpe_ratio_2020_1_5_bps": 0.6085260942091474,
        "annual_return_2020_2021_2_0_bps": 0.0404765172278041,
        "annual_volatility_2020_2021_2_0_bps": 0.07193896658846048,
        "sharpe_ratio_2020_2021_2_0_bps": 0.5875588509595654,
        "downside_risk_2020_2021_2_0_bps": 0.05363002211430964,
        "sortino_ratio_2020_2021_2_0_bps": 0.7881476621031692,
        "max_drawdown_2020_2021_2_0_bps": 0.0860541189042509,
        "calmar_ratio_2020_2021_2_0_bps": 0.47036118367373864,
        "perc_pos_return_2020_2021_2_0_bps": 0.5652173913043478,
        "profit_loss_ratio_2020_2021_2_0_bps": 0.874296535453274,
        "sharpe_ratio_2020_2_0_bps": 0.5875588509595654,
        "annual_return_2020_2021_2_5_bps": 0.03891073841477288,
        "annual_volatility_2020_2021_2_5_bps": 0.07194303543338515,
        "sharpe_ratio_2020_2021_2_5_bps": 0.5665933803189906,
        "downside_risk_2020_2021_2_5_bps": 0.0536660264847835,
        "sortino_ratio_2020_2021_2_5_bps": 0.7595577743801922,
        "max_drawdown_2020_2021_2_5_bps": 0.08624437814831772,
        "calmar_ratio_2020_2021_2_5_bps": 0.4511684036709803,
        "perc_pos_return_2020_2021_2_5_bps": 0.5652173913043478,
        "profit_loss_ratio_2020_2021_2_5_bps": 0.8703242618587856,
        "sharpe_ratio_2020_2_5_bps": 0.5665933803189906,
        "annual_return_2020_2021_3_0_bps": 0.037347301271963174,
        "annual_volatility_2020_2021_3_0_bps": 0.07194717508996179,
        "sharpe_ratio_2020_2021_3_0_bps": 0.5456297439920468,
        "downside_risk_2020_2021_3_0_bps": 0.053702140866062655,
        "sortino_ratio_2020_2021_3_0_bps": 0.7310047251783804,
        "max_drawdown_2020_2021_3_0_bps": 0.08643460016772551,
        "calmar_ratio_2020_2021_3_0_bps": 0.43208739555098413,
        "perc_pos_return_2020_2021_3_0_bps": 0.5652173913043478,
        "profit_loss_ratio_2020_2021_3_0_bps": 0.8663699042898689,
        "sharpe_ratio_2020_3_0_bps": 0.5456297439920468
    },
    "COMB": {
        "annual_return_2020_2021": 0.04676311896788099,
        "annual_volatility_2020_2021": 0.0719233995625011,
        "sharpe_ratio_2020_2021": 0.6714378420233603,
        "downside_risk_2020_2021": 0.05348710917345303,
        "sortino_ratio_2020_2021": 0.9028734762356194,
        "max_drawdown_2020_2021": 0.08529270954481662,
        "calmar_ratio_2020_2021": 0.5482663080753643,
        "perc_pos_return_2020_2021": 0.5652173913043478,
        "profit_loss_ratio_2020_2021": 0.8903672475212858,
        "sharpe_ratio_2020": 0.6714378420233603,
        "annual_return_2020_2021_0_5_bps": 0.045187938568195696,
        "annual_volatility_2020_2021_0_5_bps": 0.07192718504272466,
        "sharpe_ratio_2020_2021_0_5_bps": 0.6504656515351588,
        "downside_risk_2020_2021_0_5_bps": 0.05352267128443592,
        "sortino_ratio_2020_2021_0_5_bps": 0.8741372984406882,
        "max_drawdown_2020_2021_0_5_bps": 0.08548311775580954,
        "calmar_ratio_2020_2021_0_5_bps": 0.528618278725856,
        "perc_pos_return_2020_2021_0_5_bps": 0.5652173913043478,
        "profit_loss_ratio_2020_2021_0_5_bps": 0.8863220783048168,
        "sharpe_ratio_2020_0_5_bps": 0.6504656515351588,
        "annual_return_2020_2021_1_0_bps": 0.04361511381135941,
        "annual_volatility_2020_2021_1_0_bps": 0.07193104138142416,
        "sharpe_ratio_2020_2021_1_0_bps": 0.6294950483265965,
        "downside_risk_2020_2021_1_0_bps": 0.05355834429255155,
        "sortino_ratio_2020_2021_1_0_bps": 0.8454375311389004,
        "max_drawdown_2020_2021_1_0_bps": 0.0856734887148254,
        "calmar_ratio_2020_2021_1_0_bps": 0.509085301248063,
        "perc_pos_return_2020_2021_1_0_bps": 0.5652173913043478,
        "profit_loss_ratio_2020_2021_1_0_bps": 0.8822953199689174,
        "sharpe_ratio_2020_1_0_bps": 0.6294950483265965,
        "annual_return_2020_2021_1_5_bps": 0.042044641196479215,
        "annual_volatility_2020_2021_1_5_bps": 0.07193496856720366,
        "sharpe_ratio_2020_2021_1_5_bps": 0.6085260942091474,
        "downside_risk_2020_2021_1_5_bps": 0.053594127976355856,
        "sortino_ratio_2020_2021_1_5_bps": 0.8167742831559859,
        "max_drawdown_2020_2021_1_5_bps": 0.08586382242869621,
        "calmar_ratio_2020_2021_1_5_bps": 0.48966654415361366,
        "perc_pos_return_2020_2021_1_5_bps": 0.5652173913043478,
        "profit_loss_ratio_2020_2021_1_5_bps": 0.8782868471081123,
        "sharpe_ratio_2020_1_5_bps": 0.6085260942091474,
        "annual_return_2020_2021_2_0_bps": 0.0404765172278041,
        "annual_volatility_2020_2021_2_0_bps": 0.07193896658846048,
        "sharpe_ratio_2020_2021_2_0_bps": 0.5875588509595654,
        "downside_risk_2020_2021_2_0_bps": 0.05363002211430964,
        "sortino_ratio_2020_2021_2_0_bps": 0.7881476621031692,
        "max_drawdown_2020_2021_2_0_bps": 0.0860541189042509,
        "calmar_ratio_2020_2021_2_0_bps": 0.47036118367373864,
        "perc_pos_return_2020_2021_2_0_bps": 0.5652173913043478,
        "profit_loss_ratio_2020_2021_2_0_bps": 0.874296535453274,
        "sharpe_ratio_2020_2_0_bps": 0.5875588509595654,
        "annual_return_2020_2021_2_5_bps": 0.03891073841477288,
        "annual_volatility_2020_2021_2_5_bps": 0.07194303543338515,
        "sharpe_ratio_2020_2021_2_5_bps": 0.5665933803189906,