{
    "ALL": {
        "performance_sw": 1.476461519530207,
        "performance_fw": 1.4875820201828456,
        "val_loss": 4.338683943088232,
        "annual_return_2021_2022": 0.06539082601913138,
        "annual_volatility_2021_2022": 0.04354606854600703,
        "sharpe_ratio_2021_2022": 1.476461519530207,
        "downside_risk_2021_2022": 0.02890287323791191,
        "sortino_ratio_2021_2022": 2.2244879948706795,
        "max_drawdown_2021_2022": 0.02043981841287377,
        "calmar_ratio_2021_2022": 3.199188206972806,
        "perc_pos_return_2021_2022": 0.5555555555555556,
        "profit_loss_ratio_2021_2022": 1.0299379772674122,
        "sharpe_ratio_2021": 1.476461519530207,
        "annual_return_2021_2022_0_5_bps": 0.059872559945728376,
        "annual_volatility_2021_2022_0_5_bps": 0.04356124572702364,
        "sharpe_ratio_2021_2022_0_5_bps": 1.3567216982033918,
        "downside_risk_2021_2022_0_5_bps": 0.02906626629481229,
        "sortino_ratio_2021_2022_0_5_bps": 2.0333016521344858,
        "max_drawdown_2021_2022_0_5_bps": 0.02065567154319393,
        "calmar_ratio_2021_2022_0_5_bps": 2.8986014722652027,
        "perc_pos_return_2021_2022_0_5_bps": 0.5476190476190477,
        "profit_loss_ratio_2021_2022_0_5_bps": 1.0420069565301888,
        "sharpe_ratio_2021_0_5_bps": 1.3567216982033918,
        "annual_return_2021_2022_1_0_bps": 0.05438275099073864,
        "annual_volatility_2021_2022_1_0_bps": 0.043576685822202615,
        "sharpe_ratio_2021_2022_1_0_bps": 1.2370578212897387,
        "downside_risk_2021_2022_1_0_bps": 0.029230674059956743,
        "sortino_ratio_2021_2022_1_0_bps": 1.8441887419930811,
        "max_drawdown_2021_2022_1_0_bps": 0.02087148191362345,
        "calmar_ratio_2021_2022_1_0_bps": 2.6056008488425237,
        "perc_pos_return_2021_2022_1_0_bps": 0.5436507936507936,
        "profit_loss_ratio_2021_2022_1_0_bps": 1.0374144766984648,
        "sharpe_ratio_2021_1_0_bps": 1.2370578212897387,
        "annual_return_2021_2022_1_5_bps": 0.04892125304861539,
        "annual_volatility_2021_2022_1_5_bps": 0.04359238855217734,
        "sharpe_ratio_2021_2022_1_5_bps": 1.1174719804021147,
        "downside_risk_2021_2022_1_5_bps": 0.02939608635826369,
        "sortino_ratio_2021_2022_1_5_bps": 1.6571346325551268,
        "max_drawdown_2021_2022_1_5_bps": 0.022968043528449417,
        "calmar_ratio_2021_2022_1_5_bps": 2.129970408146387,
        "perc_pos_return_2021_2022_1_5_bps": 0.5396825396825397,
        "profit_loss_ratio_2021_2022_1_5_bps": 1.032818004934488,
        "sharpe_ratio_2021_1_5_bps": 1.1174719804021147,
        "annual_return_2021_2022_2_0_bps": 0.04348792076064578,
        "annual_volatility_2021_2022_2_0_bps": 0.04360835363323496,
        "sharpe_ratio_2021_2022_2_0_bps": 0.997966258380169,
        "downside_risk_2021_2022_2_0_bps": 0.02956250700313969,
        "sortino_ratio_2021_2022_2_0_bps": 1.472123643128667,
        "max_drawdown_2021_2022_2_0_bps": 0.026135706139387954,
        "calmar_ratio_2021_2022_2_0_bps": 1.6639275223219272,
        "perc_pos_return_2021_2022_2_0_bps": 0.5317460317460317,
        "profit_loss_ratio_2021_2022_2_0_bps": 1.0447458643251528,
        "sharpe_ratio_2021_2_0_bps": 0.997966258380169,
        "annual_return_2021_2022_2_5_bps": 0.038082609511143284,
        "annual_volatility_2021_2022_2_5_bps": 0.04362458077734134,
        "sharpe_ratio_2021_2022_2_5_bps": 0.8785427291258697,
        "downside_risk_2021_2022_2_5_bps": 0.02972994416689062,
        "sortino_ratio_2021_2022_2_5_bps": 1.2891399337298466,
        "max_drawdown_2021_2022_2_5_bps": 0.029293177004938102,
        "calmar_ratio_2021_2022_2_5_bps": 1.300050503389356,
        "perc_pos_return_2021_2022_2_5_bps": 0.5277777777777778,
        "profit_loss_ratio_2021_2022_2_5_bps": 1.0400487423594569,
        "sharpe_ratio_2021_2_5_bps": 0.8785427291258697,
        "annual_return_2021_2022_3_0_bps": 0.0327051754236769,
        "annual_volatility_2021_2022_3_0_bps": 0.04364106969216623,
        "sharpe_ratio_2021_2022_3_0_bps": 0.7592034574409962,
        "downside_risk_2021_2022_3_0_bps": 0.029898407469241738,
        "sortino_ratio_2021_2022_3_0_bps": 1.108167752105238,
        "max_drawdown_2021_2022_3_0_bps": 0.03244048866493645,
        "calmar_ratio_2021_2022_3_0_bps": 1.0081591483246226,
        "perc_pos_return_2021_2022_3_0_bps": 0.5238095238095238,
        "profit_loss_ratio_2021_2022_3_0_bps": 1.0353646707904842,
        "sharpe_ratio_2021_3_0_bps": 0.7592034574409962
    },
    "COMB": {
        "annual_return_2021_2022": 0.06539082601913138,
        "annual_volatility_2021_2022": 0.04354606854600703,
        "sharpe_ratio_2021_2022": 1.476461519530207,
        "downside_risk_2021_2022": 0.02890287323791191,
        "sortino_ratio_2021_2022": 2.2244879948706795,
        "max_drawdown_2021_2022": 0.02043981841287377,
        "calmar_ratio_2021_2022": 3.199188206972806,
        "perc_pos_return_2021_2022": 0.5555555555555556,
        "profit_loss_ratio_2021_2022": 1.0299379772674122,
        "sharpe_ratio_2021": 1.476461519530207,
        "annual_return_2021_2022_0_5_bps": 0.059872559945728376,
        "annual_volatility_2021_2022_0_5_bps": 0.04356124572702364,
        "sharpe_ratio_2021_2022_0_5_bps": 1.3567216982033918,
        "downside_risk_2021_2022_0_5_bps": 0.02906626629481229,
        "sortino_ratio_2021_2022_0_5_bps": 2.0333016521344858,
        "max_drawdown_2021_2022_0_5_bps": 0.02065567154319393,
        "calmar_ratio_2021_2022_0_5_bps": 2.8986014722652027,
        "perc_pos_return_2021_2022_0_5_bps": 0.5476190476190477,
        "profit_loss_ratio_2021_2022_0_5_bps": 1.0420069565301888,
        "sharpe_ratio_2021_0_5_bps": 1.3567216982033918,
        "annual_return_2021_2022_1_0_bps": 0.05438275099073864,
        "annual_volatility_2021_2022_1_0_bps": 0.043576685822202615,
        "sharpe_ratio_2021_2022_1_0_bps": 1.2370578212897387,
        "downside_risk_2021_2022_1_0_bps": 0.029230674059956743,
        "sortino_ratio_2021_2022_1_0_bps": 1.8441887419930811,
        "max_drawdown_2021_2022_1_0_bps": 0.02087148191362345,
        "calmar_ratio_2021_2022_1_0_bps": 2.6056008488425237,
        "perc_pos_return_2021_2022_1_0_bps": 0.5436507936507936,
        "profit_loss_ratio_2021_2022_1_0_bps": 1.0374144766984648,
        "sharpe_ratio_2021_1_0_bps": 1.2370578212897387,
        "annual_return_2021_2022_1_5_bps": 0.04892125304861539,
        "annual_volatility_2021_2022_1_5_bps": 0.04359238855217734,
        "sharpe_ratio_2021_2022_1_5_bps": 1.1174719804021147,
        "downside_risk_2021_2022_1_5_bps": 0.02939608635826369,
        "sortino_ratio_2021_2022_1_5_bps": 1.6571346325551268,
        "max_drawdown_2021_2022_1_5_bps": 0.022968043528449417,
        "calmar_ratio_2021_2022_1_5_bps": 2.129970408146387,
        "perc_pos_return_2021_2022_1_5_bps": 0.5396825396825397,
        "profit_loss_ratio_2021_2022_1_5_bps": 1.032818004934488,
        "sharpe_ratio_2021_1_5_bps": 1.1174719804021147,
        "annual_return_2021_2022_2_0_bps": 0.04348792076064578,
        "annual_volatility_2021_2022_2_0_bps": 0.04360835363323496,
        "sharpe_ratio_2021_2022_2_0_bps": 0.997966258380169,
        "downside_risk_2021_2022_2_0_bps": 0.02956250700313969,
        "sortino_ratio_2021_2022_2_0_bps": 1.472123643128667,
        "max_drawdown_2021_2022_2_0_bps": 0.026135706139387954,
        "calmar_ratio_2021_2022_2_0_bps": 1.6639275223219272,
        "perc_pos_return_2021_2022_2_0_bps": 0.5317460317460317,
        "profit_loss_ratio_2021_2022_2_0_bps": 1.0447458643251528,
        "sharpe_ratio_2021_2_0_bps": 0.997966258380169,
        "annual_return_2021_2022_2_5_bps": 0.038082609511143284,
        "annual_volatility_2021_2022_2_5_bps": 0.04362458077734134,
        "sharpe_ratio_2021_2022_2_5_bps": 0.8785427291258697,