{
    "ALL": {
        "performance_sw": 1.2678835072599421,
        "performance_fw": 2.5172298901888204,
        "val_loss": 5.047330997067214,
        "annual_return_2020_2021": 0.055707340590910315,
        "annual_volatility_2020_2021": 0.043506777985668085,
        "sharpe_ratio_2020_2021": 1.2678835072599417,
        "downside_risk_2020_2021": 0.032091834503630755,
        "sortino_ratio_2020_2021": 1.7188648488078075,
        "max_drawdown_2020_2021": 0.05518796569585736,
        "calmar_ratio_2020_2021": 1.0094110172118909,
        "perc_pos_return_2020_2021": 0.5928853754940712,
        "profit_loss_ratio_2020_2021": 0.876966555098597,
        "sharpe_ratio_2020": 1.2678835072599417,
        "annual_return_2020_2021_0_5_bps": 0.05417884575063603,
        "annual_volatility_2020_2021_0_5_bps": 0.04351065148609235,
        "sharpe_ratio_2020_2021_0_5_bps": 1.2344679126668643,
        "downside_risk_2020_2021_0_5_bps": 0.03212979398730036,
        "sortino_ratio_2020_2021_0_5_bps": 1.6717350612345112,
        "max_drawdown_2020_2021_0_5_bps": 0.05534096367138037,
        "calmar_ratio_2020_2021_0_5_bps": 0.979000764647954,
        "perc_pos_return_2020_2021_0_5_bps": 0.5889328063241107,
        "profit_loss_ratio_2020_2021_0_5_bps": 0.8857699302894794,
        "sharpe_ratio_2020_0_5_bps": 1.2344679126668643,
        "annual_return_2020_2021_1_0_bps": 0.05265255197922958,
        "annual_volatility_2020_2021_1_0_bps": 0.043514594288345566,
        "sharpe_ratio_2020_2021_1_0_bps": 1.2010563543177235,
        "downside_risk_2020_2021_1_0_bps": 0.032167858511158276,
        "sortino_ratio_2020_2021_1_0_bps": 1.624711199144518,
        "max_drawdown_2020_2021_1_0_bps": 0.05549393825616017,
        "calmar_ratio_2020_2021_1_0_bps": 0.9487982585806986,
        "perc_pos_return_2020_2021_1_0_bps": 0.5889328063241107,
        "profit_loss_ratio_2020_2021_1_0_bps": 0.8801490708175603,
        "sharpe_ratio_2020_1_0_bps": 1.2010563543177235,
        "annual_return_2020_2021_1_5_bps": 0.051128456124259314,
        "annual_volatility_2020_2021_1_5_bps": 0.0435186063735914,
        "sharpe_ratio_2020_2021_1_5_bps": 1.1676489912410073,
        "downside_risk_2020_2021_1_5_bps": 0.03220602783892524,
        "sortino_ratio_2020_2021_1_5_bps": 1.577793358637121,
        "max_drawdown_2020_2021_1_5_bps": 0.055646889453563934,
        "calmar_ratio_2020_2021_1_5_bps": 0.9188016909179596,
        "perc_pos_return_2020_2021_1_5_bps": 0.5849802371541502,
        "profit_loss_ratio_2020_2021_1_5_bps": 0.8889352894254837,
        "sharpe_ratio_2020_1_5_bps": 1.1676489912410073,
        "annual_return_2020_2021_2_0_bps": 0.049606555037774,
        "annual_volatility_2020_2021_2_0_bps": 0.04352268772266959,
        "sharpe_ratio_2020_2021_2_0_bps": 1.134245982317607,
        "downside_risk_2020_2021_2_0_bps": 0.032244301805476466,
        "sortino_ratio_2020_2021_2_0_bps": 1.5309816285343616,
        "max_drawdown_2020_2021_2_0_bps": 0.055799817266960705,
        "calmar_ratio_2020_2021_2_0_bps": 0.8890092739989355,
        "perc_pos_return_2020_2021_2_0_bps": 0.5810276679841897,
        "profit_loss_ratio_2020_2021_2_0_bps": 0.8977648819963431,
        "sharpe_ratio_2020_2_0_bps": 1.134245982317607,
        "annual_return_2020_2021_2_5_bps": 0.04808684557631571,
        "annual_volatility_2020_2021_2_5_bps": 0.043526838316096265,
        "sharpe_ratio_2020_2021_2_5_bps": 1.1008474862771185,
        "downside_risk_2020_2021_2_5_bps": 0.032282680650803086,
        "sortino_ratio_2020_2021_2_5_bps": 1.4842760755889441,
        "max_drawdown_2020_2021_2_5_bps": 0.055952721699716844,
        "calmar_ratio_2020_2021_2_5_bps": 0.8594192403076445,
        "perc_pos_return_2020_2021_2_5_bps": 0.5770750988142292,
        "profit_loss_ratio_2020_2021_2_5_bps": 0.906636768695769,
        "sharpe_ratio_2020_2_5_bps": 1.1008474862771185,
        "annual_return_2020_2021_3_0_bps": 0.0465693246008978,
        "annual_volatility_2020_2021_3_0_bps": 0.043531058134064535,
        "sharpe_ratio_2020_2021_3_0_bps": 1.067453661694159,
        "downside_risk_2020_2021_3_0_bps": 0.032321165681679725,
        "sortino_ratio_2020_2021_3_0_bps": 1.4376767181069563,
        "max_drawdown_2020_2021_3_0_bps": 0.05610560275520105,
        "calmar_ratio_2020_2021_3_0_bps": 0.8300298421904178,
        "perc_pos_return_2020_2021_3_0_bps": 0.5770750988142292,
        "profit_loss_ratio_2020_2021_3_0_bps": 0.9008648162794473,
        "sharpe_ratio_2020_3_0_bps": 1.067453661694159
    },
    "COMB": {
        "annual_return_2020_2021": 0.055707340590910315,
        "annual_volatility_2020_2021": 0.043506777985668085,
        "sharpe_ratio_2020_2021": 1.2678835072599417,
        "downside_risk_2020_2021": 0.032091834503630755,
        "sortino_ratio_2020_2021": 1.7188648488078075,
        "max_drawdown_2020_2021": 0.05518796569585736,
        "calmar_ratio_2020_2021": 1.0094110172118909,
        "perc_pos_return_2020_2021": 0.5928853754940712,
        "profit_loss_ratio_2020_2021": 0.876966555098597,
        "sharpe_ratio_2020": 1.2678835072599417,
        "annual_return_2020_2021_0_5_bps": 0.05417884575063603,
        "annual_volatility_2020_2021_0_5_bps": 0.04351065148609235,
        "sharpe_ratio_2020_2021_0_5_bps": 1.2344679126668643,
        "downside_risk_2020_2021_0_5_bps": 0.03212979398730036,
        "sortino_ratio_2020_2021_0_5_bps": 1.6717350612345112,
        "max_drawdown_2020_2021_0_5_bps": 0.05534096367138037,
        "calmar_ratio_2020_2021_0_5_bps": 0.979000764647954,
        "perc_pos_return_2020_2021_0_5_bps": 0.5889328063241107,
        "profit_loss_ratio_2020_2021_0_5_bps": 0.8857699302894794,
        "sharpe_ratio_2020_0_5_bps": 1.2344679126668643,
        "annual_return_2020_2021_1_0_bps": 0.05265255197922958,
        "annual_volatility_2020_2021_1_0_bps": 0.043514594288345566,
        "sharpe_ratio_2020_2021_1_0_bps": 1.2010563543177235,
        "downside_risk_2020_2021_1_0_bps": 0.032167858511158276,
        "sortino_ratio_2020_2021_1_0_bps": 1.624711199144518,
        "max_drawdown_2020_2021_1_0_bps": 0.05549393825616017,
        "calmar_ratio_2020_2021_1_0_bps": 0.9487982585806986,
        "perc_pos_return_2020_2021_1_0_bps": 0.5889328063241107,
        "profit_loss_ratio_2020_2021_1_0_bps": 0.8801490708175603,
        "sharpe_ratio_2020_1_0_bps": 1.2010563543177235,
        "annual_return_2020_2021_1_5_bps": 0.051128456124259314,
        "annual_volatility_2020_2021_1_5_bps": 0.0435186063735914,
        "sharpe_ratio_2020_2021_1_5_bps": 1.1676489912410073,
        "downside_risk_2020_2021_1_5_bps": 0.03220602783892524,
        "sortino_ratio_2020_2021_1_5_bps": 1.577793358637121,
        "max_drawdown_2020_2021_1_5_bps": 0.055646889453563934,
        "calmar_ratio_2020_2021_1_5_bps": 0.9188016909179596,
        "perc_pos_return_2020_2021_1_5_bps": 0.5849802371541502,
        "profit_loss_ratio_2020_2021_1_5_bps": 0.8889352894254837,
        "sharpe_ratio_2020_1_5_bps": 1.1676489912410073,
        "annual_return_2020_2021_2_0_bps": 0.049606555037774,
        "annual_volatility_2020_2021_2_0_bps": 0.04352268772266959,
        "sharpe_ratio_2020_2021_2_0_bps": 1.134245982317607,
        "downside_risk_2020_2021_2_0_bps": 0.032244301805476466,
        "sortino_ratio_2020_2021_2_0_bps": 1.5309816285343616,
        "max_drawdown_2020_2021_2_0_bps": 0.055799817266960705,
        "calmar_ratio_2020_2021_2_0_bps": 0.8890092739989355,
        "perc_pos_return_2020_2021_2_0_bps": 0.5810276679841897,
        "profit_loss_ratio_2020_2021_2_0_bps": 0.8977648819963431,
        "sharpe_ratio_2020_2_0_bps": 1.134245982317607,
        "annual_return_2020_2021_2_5_bps": 0.04808684557631571,
        "annual_volatility_2020_2021_2_5_bps": 0.043526838316096265,
        "sharpe_ratio_2020_2021_2_5_bps": 1.1008474862771185,