{
    "ALL": {
        "performance_sw": 1.2484846400050331,
        "performance_fw": 1.2792230597709429,
        "val_loss": 5.079286962982941,
        "annual_return_2021_2022": 0.06531304669508109,
        "annual_volatility_2021_2022": 0.05175069747702973,
        "sharpe_ratio_2021_2022": 1.2484846400050322,
        "downside_risk_2021_2022": 0.03388923775179367,
        "sortino_ratio_2021_2022": 1.9065035154471468,
        "max_drawdown_2021_2022": 0.02550395351063759,
        "calmar_ratio_2021_2022": 2.5608989080002553,
        "perc_pos_return_2021_2022": 0.5277777777777778,
        "profit_loss_ratio_2021_2022": 1.1094593372499195,
        "sharpe_ratio_2021": 1.2484846400050322,
        "annual_return_2021_2022_0_5_bps": 0.05897769020489485,
        "annual_volatility_2021_2022_0_5_bps": 0.05177098565978734,
        "sharpe_ratio_2021_2022_0_5_bps": 1.1327754014358038,
        "downside_risk_2021_2022_0_5_bps": 0.034084454820999074,
        "sortino_ratio_2021_2022_0_5_bps": 1.7205761210345758,
        "max_drawdown_2021_2022_0_5_bps": 0.025713670011424685,
        "calmar_ratio_2021_2022_0_5_bps": 2.293631760020675,
        "perc_pos_return_2021_2022_0_5_bps": 0.5238095238095238,
        "profit_loss_ratio_2021_2022_0_5_bps": 1.1049921898442043,
        "sharpe_ratio_2021_0_5_bps": 1.1327754014358038,
        "annual_return_2021_2022_1_0_bps": 0.05267984241281565,
        "annual_volatility_2021_2022_1_0_bps": 0.05179160929255045,
        "sharpe_ratio_2021_2022_1_0_bps": 1.0171502283275102,
        "downside_risk_2021_2022_1_0_bps": 0.0342809112470516,
        "sortino_ratio_2021_2022_1_0_bps": 1.5367108195496915,
        "max_drawdown_2021_2022_1_0_bps": 0.02592334622070451,
        "calmar_ratio_2021_2022_1_0_bps": 2.032138982533868,
        "perc_pos_return_2021_2022_1_0_bps": 0.5238095238095238,
        "profit_loss_ratio_2021_2022_1_0_bps": 1.083186758980597,
        "sharpe_ratio_2021_1_0_bps": 1.0171502283275102,
        "annual_return_2021_2022_1_5_bps": 0.04641928223712655,
        "annual_volatility_2021_2022_1_5_bps": 0.05181256797474844,
        "sharpe_ratio_2021_2022_1_5_bps": 0.9016112730410899,
        "downside_risk_2021_2022_1_5_bps": 0.03447859107523634,
        "sortino_ratio_2021_2022_1_5_bps": 1.3548928165105054,
        "max_drawdown_2021_2022_1_5_bps": 0.026132982145308428,
        "calmar_ratio_2021_2022_1_5_bps": 1.7762719148935728,
        "perc_pos_return_2021_2022_1_5_bps": 0.5238095238095238,
        "profit_loss_ratio_2021_2022_1_5_bps": 1.0618421614992883,
        "sharpe_ratio_2021_1_5_bps": 0.9016112730410899,
        "annual_return_2021_2022_2_0_bps": 0.04019578989336314,
        "annual_volatility_2021_2022_2_0_bps": 0.05183386129995619,
        "sharpe_ratio_2021_2022_2_0_bps": 0.786160677656276,
        "downside_risk_2021_2022_2_0_bps": 0.034677473383453714,
        "sortino_ratio_2021_2022_2_0_bps": 1.175107052192523,
        "max_drawdown_2021_2022_2_0_bps": 0.027719103883380874,
        "calmar_ratio_2021_2022_2_0_bps": 1.4501114488575775,
        "perc_pos_return_2021_2022_2_0_bps": 0.5238095238095238,
        "profit_loss_ratio_2021_2022_2_0_bps": 1.0409439413595678,
        "sharpe_ratio_2021_2_0_bps": 0.786160677656276,
        "annual_return_2021_2022_2_5_bps": 0.0340091468867425,
        "annual_volatility_2021_2022_2_5_bps": 0.05185548885593211,
        "sharpe_ratio_2021_2022_2_5_bps": 0.6708005737951839,
        "downside_risk_2021_2022_2_5_bps": 0.03487753760099114,
        "sortino_ratio_2021_2022_2_5_bps": 0.9973379450388871,
        "max_drawdown_2021_2022_2_5_bps": 0.03134629953890857,
        "calmar_ratio_2021_2022_2_5_bps": 1.0849493365087217,
        "perc_pos_return_2021_2022_2_5_bps": 0.5238095238095238,
        "profit_loss_ratio_2021_2022_2_5_bps": 1.020478240899156,
        "sharpe_ratio_2021_2_5_bps": 0.6708005737951839,
        "annual_return_2021_2022_3_0_bps": 0.027859136004632745,
        "annual_volatility_2021_2022_3_0_bps": 0.05187745022465677,
        "sharpe_ratio_2021_2022_3_0_bps": 0.5555330824483238,
        "downside_risk_2021_2022_3_0_bps": 0.03507876350555413,
        "sortino_ratio_2021_2022_3_0_bps": 0.821569432693942,
        "max_drawdown_2021_2022_3_0_bps": 0.03519342085600844,
        "calmar_ratio_2021_2022_3_0_bps": 0.7916006835089024,
        "perc_pos_return_2021_2022_3_0_bps": 0.5238095238095238,
        "profit_loss_ratio_2021_2022_3_0_bps": 1.0004317701904866,
        "sharpe_ratio_2021_3_0_bps": 0.5555330824483238
    },
    "COMB": {
        "annual_return_2021_2022": 0.06531304669508109,
        "annual_volatility_2021_2022": 0.05175069747702973,
        "sharpe_ratio_2021_2022": 1.2484846400050322,
        "downside_risk_2021_2022": 0.03388923775179367,
        "sortino_ratio_2021_2022": 1.9065035154471468,
        "max_drawdown_2021_2022": 0.02550395351063759,
        "calmar_ratio_2021_2022": 2.5608989080002553,
        "perc_pos_return_2021_2022": 0.5277777777777778,
        "profit_loss_ratio_2021_2022": 1.1094593372499195,
        "sharpe_ratio_2021": 1.2484846400050322,
        "annual_return_2021_2022_0_5_bps": 0.05897769020489485,
        "annual_volatility_2021_2022_0_5_bps": 0.05177098565978734,
        "sharpe_ratio_2021_2022_0_5_bps": 1.1327754014358038,
        "downside_risk_2021_2022_0_5_bps": 0.034084454820999074,
        "sortino_ratio_2021_2022_0_5_bps": 1.7205761210345758,
        "max_drawdown_2021_2022_0_5_bps": 0.025713670011424685,
        "calmar_ratio_2021_2022_0_5_bps": 2.293631760020675,
        "perc_pos_return_2021_2022_0_5_bps": 0.5238095238095238,
        "profit_loss_ratio_2021_2022_0_5_bps": 1.1049921898442043,
        "sharpe_ratio_2021_0_5_bps": 1.1327754014358038,
        "annual_return_2021_2022_1_0_bps": 0.05267984241281565,
        "annual_volatility_2021_2022_1_0_bps": 0.05179160929255045,
        "sharpe_ratio_2021_2022_1_0_bps": 1.0171502283275102,
        "downside_risk_2021_2022_1_0_bps": 0.0342809112470516,
        "sortino_ratio_2021_2022_1_0_bps": 1.5367108195496915,
        "max_drawdown_2021_2022_1_0_bps": 0.02592334622070451,
        "calmar_ratio_2021_2022_1_0_bps": 2.032138982533868,
        "perc_pos_return_2021_2022_1_0_bps": 0.5238095238095238,
        "profit_loss_ratio_2021_2022_1_0_bps": 1.083186758980597,
        "sharpe_ratio_2021_1_0_bps": 1.0171502283275102,
        "annual_return_2021_2022_1_5_bps": 0.04641928223712655,
        "annual_volatility_2021_2022_1_5_bps": 0.05181256797474844,
        "sharpe_ratio_2021_2022_1_5_bps": 0.9016112730410899,
        "downside_risk_2021_2022_1_5_bps": 0.03447859107523634,
        "sortino_ratio_2021_2022_1_5_bps": 1.3548928165105054,
        "max_drawdown_2021_2022_1_5_bps": 0.026132982145308428,
        "calmar_ratio_2021_2022_1_5_bps": 1.7762719148935728,
        "perc_pos_return_2021_2022_1_5_bps": 0.5238095238095238,
        "profit_loss_ratio_2021_2022_1_5_bps": 1.0618421614992883,
        "sharpe_ratio_2021_1_5_bps": 0.9016112730410899,
        "annual_return_2021_2022_2_0_bps": 0.04019578989336314,
        "annual_volatility_2021_2022_2_0_bps": 0.05183386129995619,
        "sharpe_ratio_2021_2022_2_0_bps": 0.786160677656276,
        "downside_risk_2021_2022_2_0_bps": 0.034677473383453714,
        "sortino_ratio_2021_2022_2_0_bps": 1.175107052192523,
        "max_drawdown_2021_2022_2_0_bps": 0.027719103883380874,
        "calmar_ratio_2021_2022_2_0_bps": 1.4501114488575775,
        "perc_pos_return_2021_2022_2_0_bps": 0.5238095238095238,
        "profit_loss_ratio_2021_2022_2_0_bps": 1.0409439413595678,
        "sharpe_ratio_2021_2_0_bps": 0.786160677656276,
        "annual_return_2021_2022_2_5_bps": 0.0340091468867425,
        "annual_volatility_2021_2022_2_5_bps": 0.05185548885593211,
        "sharpe_ratio_2021_2022_2_5_bps": 0.6708005737951839,