{
    "ALL": {
        "performance_sw": 1.0971340039677135,
        "performance_fw": 1.14433145475205,
        "val_loss": 4.682321730326362,
        "annual_return_2021_2022": 0.03535787958991432,
        "annual_volatility_2021_2022": 0.032142151299320756,
        "sharpe_ratio_2021_2022": 1.0971340039677133,
        "downside_risk_2021_2022": 0.022222715131011914,
        "sortino_ratio_2021_2022": 1.5868559239167126,
        "max_drawdown_2021_2022": 0.01922837685373457,
        "calmar_ratio_2021_2022": 1.8388384968150366,
        "perc_pos_return_2021_2022": 0.5277777777777778,
        "profit_loss_ratio_2021_2022": 1.081715272634354,
        "sharpe_ratio_2021": 1.0971340039677133,
        "annual_return_2021_2022_0_5_bps": 0.03257386841835008,
        "annual_volatility_2021_2022_0_5_bps": 0.0321418273049126,
        "sharpe_ratio_2021_2022_0_5_bps": 1.0133626288323268,
        "downside_risk_2021_2022_0_5_bps": 0.022299068373434046,
        "sortino_ratio_2021_2022_0_5_bps": 1.4606586278727538,
        "max_drawdown_2021_2022_0_5_bps": 0.01947618205447941,
        "calmar_ratio_2021_2022_0_5_bps": 1.6724976346613212,
        "perc_pos_return_2021_2022_0_5_bps": 0.5277777777777778,
        "profit_loss_ratio_2021_2022_0_5_bps": 1.0661603871578702,
        "sharpe_ratio_2021_0_5_bps": 1.0133626288323268,
        "annual_return_2021_2022_1_0_bps": 0.02979731066376523,
        "annual_volatility_2021_2022_1_0_bps": 0.032141593859231654,
        "sharpe_ratio_2021_2022_1_0_bps": 0.9295869460008226,
        "downside_risk_2021_2022_1_0_bps": 0.022375809031562558,
        "sortino_ratio_2021_2022_1_0_bps": 1.3352994760125312,
        "max_drawdown_2021_2022_1_0_bps": 0.019723926993758474,
        "calmar_ratio_2021_2022_1_0_bps": 1.5107189695639425,
        "perc_pos_return_2021_2022_1_0_bps": 0.5198412698412699,
        "profit_loss_ratio_2021_2022_1_0_bps": 1.0847988923215843,
        "sharpe_ratio_2021_1_0_bps": 0.9295869460008226,
        "annual_return_2021_2022_1_5_bps": 0.027028186458947,
        "annual_volatility_2021_2022_1_5_bps": 0.03214145096425091,
        "sharpe_ratio_2021_2022_1_5_bps": 0.8458076633646644,
        "downside_risk_2021_2022_1_5_bps": 0.02245294610349623,
        "sortino_ratio_2021_2022_1_5_bps": 1.210775878226058,
        "max_drawdown_2021_2022_1_5_bps": 0.019971611685657746,
        "calmar_ratio_2021_2022_1_5_bps": 1.353330261190528,
        "perc_pos_return_2021_2022_1_5_bps": 0.5119047619047619,
        "profit_loss_ratio_2021_2022_1_5_bps": 1.1036931964516163,
        "sharpe_ratio_2021_1_5_bps": 0.8458076633646644,
        "annual_return_2021_2022_2_0_bps": 0.0242664759894049,
        "annual_volatility_2021_2022_2_0_bps": 0.03214139862117808,
        "sharpe_ratio_2021_2022_2_0_bps": 0.7620254889314563,
        "downside_risk_2021_2022_2_0_bps": 0.022530493365971026,
        "sortino_ratio_2021_2022_2_0_bps": 1.0870851606044478,
        "max_drawdown_2021_2022_2_0_bps": 0.020219236144256945,
        "calmar_ratio_2021_2022_2_0_bps": 1.2001677915165718,
        "perc_pos_return_2021_2022_2_0_bps": 0.5079365079365079,
        "profit_loss_ratio_2021_2022_2_0_bps": 1.1052024696829925,
        "sharpe_ratio_2021_2_0_bps": 0.7620254889314563,
        "annual_return_2021_2022_2_5_bps": 0.021512159493244365,
        "annual_volatility_2021_2022_2_5_bps": 0.03214143683045557,
        "sharpe_ratio_2021_2022_2_5_bps": 0.6782411307950268,
        "downside_risk_2021_2022_2_5_bps": 0.022608454137614642,
        "sortino_ratio_2021_2022_2_5_bps": 0.9642253436954857,
        "max_drawdown_2021_2022_2_5_bps": 0.020466800383636432,
        "calmar_ratio_2021_2022_2_5_bps": 1.0510758442948276,
        "perc_pos_return_2021_2022_2_5_bps": 0.5079365079365079,
        "profit_loss_ratio_2021_2022_2_5_bps": 1.089282950725541,
        "sharpe_ratio_2021_2_5_bps": 0.6782411307950268,
        "annual_return_2021_2022_3_0_bps": 0.018765217261000222,
        "annual_volatility_2021_2022_3_0_bps": 0.03214156559176042,
        "sharpe_ratio_2021_2022_3_0_bps": 0.5944552971055095,
        "downside_risk_2021_2022_3_0_bps": 0.02268682553455265,
        "sortino_ratio_2021_2022_3_0_bps": 0.8421946866998251,
        "max_drawdown_2021_2022_3_0_bps": 0.020714304417872635,
        "calmar_ratio_2021_2022_3_0_bps": 0.9059062222146977,
        "perc_pos_return_2021_2022_3_0_bps": 0.5079365079365079,
        "profit_loss_ratio_2021_2022_3_0_bps": 1.0736019714327338,
        "sharpe_ratio_2021_3_0_bps": 0.5944552971055095
    },
    "COMB": {
        "annual_return_2021_2022": 0.03535787958991432,
        "annual_volatility_2021_2022": 0.032142151299320756,
        "sharpe_ratio_2021_2022": 1.0971340039677133,
        "downside_risk_2021_2022": 0.022222715131011914,
        "sortino_ratio_2021_2022": 1.5868559239167126,
        "max_drawdown_2021_2022": 0.01922837685373457,
        "calmar_ratio_2021_2022": 1.8388384968150366,
        "perc_pos_return_2021_2022": 0.5277777777777778,
        "profit_loss_ratio_2021_2022": 1.081715272634354,
        "sharpe_ratio_2021": 1.0971340039677133,
        "annual_return_2021_2022_0_5_bps": 0.03257386841835008,
        "annual_volatility_2021_2022_0_5_bps": 0.0321418273049126,
        "sharpe_ratio_2021_2022_0_5_bps": 1.0133626288323268,
        "downside_risk_2021_2022_0_5_bps": 0.022299068373434046,
        "sortino_ratio_2021_2022_0_5_bps": 1.4606586278727538,
        "max_drawdown_2021_2022_0_5_bps": 0.01947618205447941,
        "calmar_ratio_2021_2022_0_5_bps": 1.6724976346613212,
        "perc_pos_return_2021_2022_0_5_bps": 0.5277777777777778,
        "profit_loss_ratio_2021_2022_0_5_bps": 1.0661603871578702,
        "sharpe_ratio_2021_0_5_bps": 1.0133626288323268,
        "annual_return_2021_2022_1_0_bps": 0.02979731066376523,
        "annual_volatility_2021_2022_1_0_bps": 0.032141593859231654,
        "sharpe_ratio_2021_2022_1_0_bps": 0.9295869460008226,
        "downside_risk_2021_2022_1_0_bps": 0.022375809031562558,
        "sortino_ratio_2021_2022_1_0_bps": 1.3352994760125312,
        "max_drawdown_2021_2022_1_0_bps": 0.019723926993758474,
        "calmar_ratio_2021_2022_1_0_bps": 1.5107189695639425,
        "perc_pos_return_2021_2022_1_0_bps": 0.5198412698412699,
        "profit_loss_ratio_2021_2022_1_0_bps": 1.0847988923215843,
        "sharpe_ratio_2021_1_0_bps": 0.9295869460008226,
        "annual_return_2021_2022_1_5_bps": 0.027028186458947,
        "annual_volatility_2021_2022_1_5_bps": 0.03214145096425091,
        "sharpe_ratio_2021_2022_1_5_bps": 0.8458076633646644,
        "downside_risk_2021_2022_1_5_bps": 0.02245294610349623,
        "sortino_ratio_2021_2022_1_5_bps": 1.210775878226058,
        "max_drawdown_2021_2022_1_5_bps": 0.019971611685657746,
        "calmar_ratio_2021_2022_1_5_bps": 1.353330261190528,
        "perc_pos_return_2021_2022_1_5_bps": 0.5119047619047619,
        "profit_loss_ratio_2021_2022_1_5_bps": 1.1036931964516163,
        "sharpe_ratio_2021_1_5_bps": 0.8458076633646644,
        "annual_return_2021_2022_2_0_bps": 0.0242664759894049,
        "annual_volatility_2021_2022_2_0_bps": 0.03214139862117808,
        "sharpe_ratio_2021_2022_2_0_bps": 0.7620254889314563,
        "downside_risk_2021_2022_2_0_bps": 0.022530493365971026,
        "sortino_ratio_2021_2022_2_0_bps": 1.0870851606044478,
        "max_drawdown_2021_2022_2_0_bps": 0.020219236144256945,
        "calmar_ratio_2021_2022_2_0_bps": 1.2001677915165718,
        "perc_pos_return_2021_2022_2_0_bps": 0.5079365079365079,
        "profit_loss_ratio_2021_2022_2_0_bps": 1.1052024696829925,
        "sharpe_ratio_2021_2_0_bps": 0.7620254889314563,
        "annual_return_2021_2022_2_5_bps": 0.021512159493244365,
        "annual_volatility_2021_2022_2_5_bps": 0.03214143683045557,
        "sharpe_ratio_2021_2022_2_5_bps": 0.6782411307950268,