{
    "ALL": {
        "performance_sw": -0.793193871265926,
        "performance_fw": -1.1406666525996214,
        "val_loss": 3.0821949292674717,
        "annual_return_2022_2023": -0.01929766253045817,
        "annual_volatility_2022_2023": 0.024198300133642582,
        "sharpe_ratio_2022_2023": -0.7931938712659261,
        "downside_risk_2022_2023": 0.01736995568330962,
        "sortino_ratio_2022_2023": -1.1050081940912344,
        "max_drawdown_2022_2023": 0.026957881567074536,
        "calmar_ratio_2022_2023": -0.7158449183940216,
        "perc_pos_return_2022_2023": 0.4541832669322709,
        "profit_loss_ratio_2022_2023": 1.0522398919401956,
        "sharpe_ratio_2022": -0.7931938712659261,
        "annual_return_2022_2023_0_5_bps": -0.02062904843644353,
        "annual_volatility_2022_2023_0_5_bps": 0.02419931638291158,
        "sharpe_ratio_2022_2023_0_5_bps": -0.8492932307311061,
        "downside_risk_2022_2023_0_5_bps": 0.017415098075557252,
        "sortino_ratio_2022_2023_0_5_bps": -1.1801435457416751,
        "max_drawdown_2022_2023_0_5_bps": 0.02737597059152272,
        "calmar_ratio_2022_2023_0_5_bps": -0.7535458283561844,
        "perc_pos_return_2022_2023_0_5_bps": 0.4541832669322709,
        "profit_loss_ratio_2022_2023_0_5_bps": 1.0424240916179652,
        "sharpe_ratio_2022_0_5_bps": -0.8492932307311061,
        "annual_return_2022_2023_1_0_bps": -0.021958634956282364,
        "annual_volatility_2022_2023_1_0_bps": 0.0242003715587448,
        "sharpe_ratio_2022_2023_1_0_bps": -0.9053864222873116,
        "downside_risk_2022_2023_1_0_bps": 0.017460384420909355,
        "sortino_ratio_2022_2023_1_0_bps": -1.2548800355939946,
        "max_drawdown_2022_2023_1_0_bps": 0.027793882235798196,
        "calmar_ratio_2022_2023_1_0_bps": -0.7900528170188438,
        "perc_pos_return_2022_2023_1_0_bps": 0.450199203187251,
        "profit_loss_ratio_2022_2023_1_0_bps": 1.0494474419893467,
        "sharpe_ratio_2022_1_0_bps": -0.9053864222873116,
        "annual_return_2022_2023_1_5_bps": -0.023286424510953863,
        "annual_volatility_2022_2023_1_5_bps": 0.02420146565605068,
        "sharpe_ratio_2022_2023_1_5_bps": -0.961473176276265,
        "downside_risk_2022_2023_1_5_bps": 0.017505814683801958,
        "sortino_ratio_2022_2023_1_5_bps": -1.3292189181229441,
        "max_drawdown_2022_2023_1_5_bps": 0.02882649981561073,
        "calmar_ratio_2022_2023_1_5_bps": -0.8078131115434039,
        "perc_pos_return_2022_2023_1_5_bps": 0.450199203187251,
        "profit_loss_ratio_2022_2023_1_5_bps": 1.0396670241531134,
        "sharpe_ratio_2022_1_5_bps": -0.961473176276265,
        "annual_return_2022_2023_2_0_bps": -0.024612419518197703,
        "annual_volatility_2022_2023_2_0_bps": 0.024202598669550802,
        "sharpe_ratio_2022_2023_2_0_bps": -1.01755322320475,
        "downside_risk_2022_2023_2_0_bps": 0.017551388033955704,
        "sortino_ratio_2022_2023_2_0_bps": -1.4031615185355752,
        "max_drawdown_2022_2023_2_0_bps": 0.02988413781445985,
        "calmar_ratio_2022_2023_2_0_bps": -0.8235947669297874,
        "perc_pos_return_2022_2023_2_0_bps": 0.450199203187251,
        "profit_loss_ratio_2022_2023_2_0_bps": 1.0299794365151038,
        "sharpe_ratio_2022_2_0_bps": -1.01755322320475,
        "annual_return_2022_2023_2_5_bps": -0.025936622392517705,
        "annual_volatility_2022_2023_2_5_bps": 0.024203770593779993,
        "sharpe_ratio_2022_2023_2_5_bps": -1.073626293751057,
        "downside_risk_2022_2023_2_5_bps": 0.017597103359659395,
        "sortino_ratio_2022_2023_2_5_bps": -1.476709205275919,
        "max_drawdown_2022_2023_2_5_bps": 0.03094063068635748,
        "calmar_ratio_2022_2023_2_5_bps": -0.8382706433955733,
        "perc_pos_return_2022_2023_2_5_bps": 0.450199203187251,
        "profit_loss_ratio_2022_2023_2_5_bps": 1.0203833636801505,
        "sharpe_ratio_2022_2_5_bps": -1.073626293751057,
        "annual_return_2022_2023_3_0_bps": -0.027259035545173615,
        "annual_volatility_2022_2023_3_0_bps": 0.02420498142308647,
        "sharpe_ratio_2022_2023_3_0_bps": -1.1296921187714135,
        "downside_risk_2022_2023_3_0_bps": 0.017642959561114717,
        "sortino_ratio_2022_2023_3_0_bps": -1.549863369235178,
        "max_drawdown_2022_2023_3_0_bps": 0.0319959796639327,
        "calmar_ratio_2022_2023_3_0_bps": -0.8519518961909212,
        "perc_pos_return_2022_2023_3_0_bps": 0.44621513944223107,
        "profit_loss_ratio_2022_2023_3_0_bps": 1.0272943064726736,
        "sharpe_ratio_2022_3_0_bps": -1.1296921187714135
    },
    "COMB": {
        "annual_return_2022_2023": -0.01929766253045817,
        "annual_volatility_2022_2023": 0.024198300133642582,
        "sharpe_ratio_2022_2023": -0.7931938712659261,
        "downside_risk_2022_2023": 0.01736995568330962,
        "sortino_ratio_2022_2023": -1.1050081940912344,
        "max_drawdown_2022_2023": 0.026957881567074536,
        "calmar_ratio_2022_2023": -0.7158449183940216,
        "perc_pos_return_2022_2023": 0.4541832669322709,
        "profit_loss_ratio_2022_2023": 1.0522398919401956,
        "sharpe_ratio_2022": -0.7931938712659261,
        "annual_return_2022_2023_0_5_bps": -0.02062904843644353,
        "annual_volatility_2022_2023_0_5_bps": 0.02419931638291158,
        "sharpe_ratio_2022_2023_0_5_bps": -0.8492932307311061,
        "downside_risk_2022_2023_0_5_bps": 0.017415098075557252,
        "sortino_ratio_2022_2023_0_5_bps": -1.1801435457416751,
        "max_drawdown_2022_2023_0_5_bps": 0.02737597059152272,
        "calmar_ratio_2022_2023_0_5_bps": -0.7535458283561844,
        "perc_pos_return_2022_2023_0_5_bps": 0.4541832669322709,
        "profit_loss_ratio_2022_2023_0_5_bps": 1.0424240916179652,
        "sharpe_ratio_2022_0_5_bps": -0.8492932307311061,
        "annual_return_2022_2023_1_0_bps": -0.021958634956282364,
        "annual_volatility_2022_2023_1_0_bps": 0.0242003715587448,
        "sharpe_ratio_2022_2023_1_0_bps": -0.9053864222873116,
        "downside_risk_2022_2023_1_0_bps": 0.017460384420909355,
        "sortino_ratio_2022_2023_1_0_bps": -1.2548800355939946,
        "max_drawdown_2022_2023_1_0_bps": 0.027793882235798196,
        "calmar_ratio_2022_2023_1_0_bps": -0.7900528170188438,
        "perc_pos_return_2022_2023_1_0_bps": 0.450199203187251,
        "profit_loss_ratio_2022_2023_1_0_bps": 1.0494474419893467,
        "sharpe_ratio_2022_1_0_bps": -0.9053864222873116,
        "annual_return_2022_2023_1_5_bps": -0.023286424510953863,
        "annual_volatility_2022_2023_1_5_bps": 0.02420146565605068,
        "sharpe_ratio_2022_2023_1_5_bps": -0.961473176276265,
        "downside_risk_2022_2023_1_5_bps": 0.017505814683801958,
        "sortino_ratio_2022_2023_1_5_bps": -1.3292189181229441,
        "max_drawdown_2022_2023_1_5_bps": 0.02882649981561073,
        "calmar_ratio_2022_2023_1_5_bps": -0.8078131115434039,
        "perc_pos_return_2022_2023_1_5_bps": 0.450199203187251,
        "profit_loss_ratio_2022_2023_1_5_bps": 1.0396670241531134,
        "sharpe_ratio_2022_1_5_bps": -0.961473176276265,
        "annual_return_2022_2023_2_0_bps": -0.024612419518197703,
        "annual_volatility_2022_2023_2_0_bps": 0.024202598669550802,
        "sharpe_ratio_2022_2023_2_0_bps": -1.01755322320475,
        "downside_risk_2022_2023_2_0_bps": 0.017551388033955704,
        "sortino_ratio_2022_2023_2_0_bps": -1.4031615185355752,
        "max_drawdown_2022_2023_2_0_bps": 0.02988413781445985,
        "calmar_ratio_2022_2023_2_0_bps": -0.8235947669297874,
        "perc_pos_return_2022_2023_2_0_bps": 0.450199203187251,
        "profit_loss_ratio_2022_2023_2_0_bps": 1.0299794365151038,
        "sharpe_ratio_2022_2_0_bps": -1.01755322320475,
        "annual_return_2022_2023_2_5_bps": -0.025936622392517705,
        "annual_volatility_2022_2023_2_5_bps": 0.024203770593779993,