{
    "ALL": {
        "performance_sw": 1.1263580280607155,
        "performance_fw": 1.2882667294706356,
        "val_loss": 5.025070970808913,
        "annual_return_2020_2021": 0.08416247669348009,
        "annual_volatility_2020_2021": 0.07419613229028624,
        "sharpe_ratio_2020_2021": 1.126358028060716,
        "downside_risk_2020_2021": 0.05355606987535555,
        "sortino_ratio_2020_2021": 1.5604470128357042,
        "max_drawdown_2020_2021": 0.085106211690396,
        "calmar_ratio_2020_2021": 0.988911091468281,
        "perc_pos_return_2020_2021": 0.5810276679841897,
        "profit_loss_ratio_2020_2021": 0.933024659141592,
        "sharpe_ratio_2020": 1.126358028060716,
        "annual_return_2020_2021_0_5_bps": 0.08205448971500373,
        "annual_volatility_2020_2021_0_5_bps": 0.0742020361044642,
        "sharpe_ratio_2020_2021_0_5_bps": 1.1000373531380114,
        "downside_risk_2020_2021_0_5_bps": 0.05359873289775157,
        "sortino_ratio_2020_2021_0_5_bps": 1.5228906912691225,
        "max_drawdown_2020_2021_0_5_bps": 0.08533302250116313,
        "calmar_ratio_2020_2021_0_5_bps": 0.9615795539632419,
        "perc_pos_return_2020_2021_0_5_bps": 0.5770750988142292,
        "profit_loss_ratio_2020_2021_0_5_bps": 0.9426440954728004,
        "sharpe_ratio_2020_0_5_bps": 1.1000373531380114,
        "annual_return_2020_2021_1_0_bps": 0.07995057763272051,
        "annual_volatility_2020_2021_1_0_bps": 0.0742080336749468,
        "sharpe_ratio_2020_2021_1_0_bps": 1.073719509674775,
        "downside_risk_2020_2021_1_0_bps": 0.053641536905906104,
        "sortino_ratio_2020_2021_1_0_bps": 1.48539020556326,
        "max_drawdown_2020_2021_1_0_bps": 0.08555978053466573,
        "calmar_ratio_2020_2021_1_0_bps": 0.9344411256446296,
        "perc_pos_return_2020_2021_1_0_bps": 0.5770750988142292,
        "profit_loss_ratio_2020_2021_1_0_bps": 0.9370426881278586,
        "sharpe_ratio_2020_1_0_bps": 1.073719509674775,
        "annual_return_2020_2021_1_5_bps": 0.07785073261533904,
        "annual_volatility_2020_2021_1_5_bps": 0.07421412497900345,
        "sharpe_ratio_2020_2021_1_5_bps": 1.0474045970490404,
        "downside_risk_2020_2021_1_5_bps": 0.05368448157411496,
        "sortino_ratio_2020_2021_1_5_bps": 1.447945726395174,
        "max_drawdown_2020_2021_1_5_bps": 0.08578648580240066,
        "calmar_ratio_2020_2021_1_5_bps": 0.9074941336874351,
        "perc_pos_return_2020_2021_1_5_bps": 0.5770750988142292,
        "profit_loss_ratio_2020_2021_1_5_bps": 0.9314739772890744,
        "sharpe_ratio_2020_1_5_bps": 1.0474045970490404,
        "annual_return_2020_2021_2_0_bps": 0.07575494684652417,
        "annual_volatility_2020_2021_2_0_bps": 0.07422030999355585,
        "sharpe_ratio_2020_2021_2_0_bps": 1.021092714556803,
        "downside_risk_2020_2021_2_0_bps": 0.05372756656508766,
        "sortino_ratio_2020_2021_2_0_bps": 1.410557422412896,
        "max_drawdown_2020_2021_2_0_bps": 0.0860131383158657,
        "calmar_ratio_2020_2021_2_0_bps": 0.880736923797962,
        "perc_pos_return_2020_2021_2_0_bps": 0.5770750988142292,
        "profit_loss_ratio_2020_2021_2_0_bps": 0.9259376775057463,
        "sharpe_ratio_2020_2_0_bps": 1.021092714556803,
        "annual_return_2020_2021_2_5_bps": 0.0736632125248784,
        "annual_volatility_2020_2021_2_5_bps": 0.0742265886951784,
        "sharpe_ratio_2020_2021_2_5_bps": 0.9947839614101915,
        "downside_risk_2020_2021_2_5_bps": 0.05377079154151439,
        "sortino_ratio_2020_2021_2_5_bps": 1.3732254599069065,
        "max_drawdown_2020_2021_2_5_bps": 0.08623973808655376,
        "calmar_ratio_2020_2021_2_5_bps": 0.8541678599597201,
        "perc_pos_return_2020_2021_2_5_bps": 0.5770750988142292,
        "profit_loss_ratio_2020_2021_2_5_bps": 0.9204335066402971,
        "sharpe_ratio_2020_2_5_bps": 0.9947839614101915,
        "annual_return_2020_2021_3_0_bps": 0.07157552186390803,
        "annual_volatility_2020_2021_3_0_bps": 0.07423296106009863,
        "sharpe_ratio_2020_2021_3_0_bps": 0.9684784367356353,
        "downside_risk_2020_2021_3_0_bps": 0.053814156166074906,
        "sortino_ratio_2020_2021_3_0_bps": 1.3359500028184745,
        "max_drawdown_2020_2021_3_0_bps": 0.08646628512595615,
        "calmar_ratio_2020_2021_3_0_bps": 0.8277853241832164,
        "perc_pos_return_2020_2021_3_0_bps": 0.5770750988142292,
        "profit_loss_ratio_2020_2021_3_0_bps": 0.9149611858203445,
        "sharpe_ratio_2020_3_0_bps": 0.9684784367356353
    },
    "COMB": {
        "annual_return_2020_2021": 0.08416247669348009,
        "annual_volatility_2020_2021": 0.07419613229028624,
        "sharpe_ratio_2020_2021": 1.126358028060716,
        "downside_risk_2020_2021": 0.05355606987535555,
        "sortino_ratio_2020_2021": 1.5604470128357042,
        "max_drawdown_2020_2021": 0.085106211690396,
        "calmar_ratio_2020_2021": 0.988911091468281,
        "perc_pos_return_2020_2021": 0.5810276679841897,
        "profit_loss_ratio_2020_2021": 0.933024659141592,
        "sharpe_ratio_2020": 1.126358028060716,
        "annual_return_2020_2021_0_5_bps": 0.08205448971500373,
        "annual_volatility_2020_2021_0_5_bps": 0.0742020361044642,
        "sharpe_ratio_2020_2021_0_5_bps": 1.1000373531380114,
        "downside_risk_2020_2021_0_5_bps": 0.05359873289775157,
        "sortino_ratio_2020_2021_0_5_bps": 1.5228906912691225,
        "max_drawdown_2020_2021_0_5_bps": 0.08533302250116313,
        "calmar_ratio_2020_2021_0_5_bps": 0.9615795539632419,
        "perc_pos_return_2020_2021_0_5_bps": 0.5770750988142292,
        "profit_loss_ratio_2020_2021_0_5_bps": 0.9426440954728004,
        "sharpe_ratio_2020_0_5_bps": 1.1000373531380114,
        "annual_return_2020_2021_1_0_bps": 0.07995057763272051,
        "annual_volatility_2020_2021_1_0_bps": 0.0742080336749468,
        "sharpe_ratio_2020_2021_1_0_bps": 1.073719509674775,
        "downside_risk_2020_2021_1_0_bps": 0.053641536905906104,
        "sortino_ratio_2020_2021_1_0_bps": 1.48539020556326,
        "max_drawdown_2020_2021_1_0_bps": 0.08555978053466573,
        "calmar_ratio_2020_2021_1_0_bps": 0.9344411256446296,
        "perc_pos_return_2020_2021_1_0_bps": 0.5770750988142292,
        "profit_loss_ratio_2020_2021_1_0_bps": 0.9370426881278586,
        "sharpe_ratio_2020_1_0_bps": 1.073719509674775,
        "annual_return_2020_2021_1_5_bps": 0.07785073261533904,
        "annual_volatility_2020_2021_1_5_bps": 0.07421412497900345,
        "sharpe_ratio_2020_2021_1_5_bps": 1.0474045970490404,
        "downside_risk_2020_2021_1_5_bps": 0.05368448157411496,
        "sortino_ratio_2020_2021_1_5_bps": 1.447945726395174,
        "max_drawdown_2020_2021_1_5_bps": 0.08578648580240066,
        "calmar_ratio_2020_2021_1_5_bps": 0.9074941336874351,
        "perc_pos_return_2020_2021_1_5_bps": 0.5770750988142292,
        "profit_loss_ratio_2020_2021_1_5_bps": 0.9314739772890744,
        "sharpe_ratio_2020_1_5_bps": 1.0474045970490404,
        "annual_return_2020_2021_2_0_bps": 0.07575494684652417,
        "annual_volatility_2020_2021_2_0_bps": 0.07422030999355585,
        "sharpe_ratio_2020_2021_2_0_bps": 1.021092714556803,
        "downside_risk_2020_2021_2_0_bps": 0.05372756656508766,
        "sortino_ratio_2020_2021_2_0_bps": 1.410557422412896,
        "max_drawdown_2020_2021_2_0_bps": 0.0860131383158657,
        "calmar_ratio_2020_2021_2_0_bps": 0.880736923797962,
        "perc_pos_return_2020_2021_2_0_bps": 0.5770750988142292,
        "profit_loss_ratio_2020_2021_2_0_bps": 0.9259376775057463,
        "sharpe_ratio_2020_2_0_bps": 1.021092714556803,
        "annual_return_2020_2021_2_5_bps": 0.0736632125248784,
        "annual_volatility_2020_2021_2_5_bps": 0.0742265886951784,
        "sharpe_ratio_2020_2021_2_5_bps": 0.9947839614101915,
        "downside_risk_2020_2021_2_5_bps": 0.05377079154151439,