{
    "ALL": {
        "performance_sw": 0.9701030572772175,
        "performance_fw": 0.7089367677125408,
        "val_loss": 1.8244100310686762,
        "annual_return_2023_2024": 0.025894851751092185,
        "annual_volatility_2023_2024": 0.026721022555052248,
        "sharpe_ratio_2023_2024": 0.9701030572772174,
        "downside_risk_2023_2024": 0.01826247124167606,
        "sortino_ratio_2023_2024": 1.4194215739583897,
        "max_drawdown_2023_2024": 0.023815480479000548,
        "calmar_ratio_2023_2024": 1.087311749763988,
        "perc_pos_return_2023_2024": 0.5220883534136547,
        "profit_loss_ratio_2023_2024": 1.0727286288352065,
        "sharpe_ratio_2023": 0.9701030572772174,
        "annual_return_2023_2024_0_5_bps": 0.02284769149138799,
        "annual_volatility_2023_2024_0_5_bps": 0.026714109843988802,
        "sharpe_ratio_2023_2024_0_5_bps": 0.8589848548066813,
        "downside_risk_2023_2024_0_5_bps": 0.018356674599974032,
        "sortino_ratio_2023_2024_0_5_bps": 1.2500638740777654,
        "max_drawdown_2023_2024_0_5_bps": 0.024380243709272928,
        "calmar_ratio_2023_2024_0_5_bps": 0.9371395857990525,
        "perc_pos_return_2023_2024_0_5_bps": 0.5220883534136547,
        "profit_loss_ratio_2023_2024_0_5_bps": 1.0534061683144378,
        "sharpe_ratio_2023_0_5_bps": 0.8589848548066813,
        "annual_return_2023_2024_1_0_bps": 0.019809542585413453,
        "annual_volatility_2023_2024_1_0_bps": 0.026707330272502865,
        "sharpe_ratio_2023_2024_1_0_bps": 0.7478054022340735,
        "downside_risk_2023_2024_1_0_bps": 0.01845134042622791,
        "sortino_ratio_2023_2024_1_0_bps": 1.0824083993723264,
        "max_drawdown_2023_2024_1_0_bps": 0.02546993612130453,
        "calmar_ratio_2023_2024_1_0_bps": 0.7777617694472191,
        "perc_pos_return_2023_2024_1_0_bps": 0.5220883534136547,
        "profit_loss_ratio_2023_2024_1_0_bps": 1.0344312016075385,
        "sharpe_ratio_2023_1_0_bps": 0.7478054022340735,
        "annual_return_2023_2024_1_5_bps": 0.01678037850053893,
        "annual_volatility_2023_2024_1_5_bps": 0.02670068394201086,
        "sharpe_ratio_2023_2024_1_5_bps": 0.6365663136322645,
        "downside_risk_2023_2024_1_5_bps": 0.018546461638779158,
        "sortino_ratio_2023_2024_1_5_bps": 0.9164419758045496,
        "max_drawdown_2023_2024_1_5_bps": 0.02665127875530825,
        "calmar_ratio_2023_2024_1_5_bps": 0.629627518236689,
        "perc_pos_return_2023_2024_1_5_bps": 0.5220883534136547,
        "profit_loss_ratio_2023_2024_1_5_bps": 1.015794438296016,
        "sharpe_ratio_2023_1_5_bps": 0.6365663136322645,
        "annual_return_2023_2024_2_0_bps": 0.013760172781932534,
        "annual_volatility_2023_2024_2_0_bps": 0.026694170952036057,
        "sharpe_ratio_2023_2024_2_0_bps": 0.5252692082109918,
        "downside_risk_2023_2024_2_0_bps": 0.018642031266785163,
        "sortino_ratio_2023_2024_2_0_bps": 0.7521511920649664,
        "max_drawdown_2023_2024_2_0_bps": 0.02783120470846537,
        "calmar_ratio_2023_2024_2_0_bps": 0.49441527688332965,
        "perc_pos_return_2023_2024_2_0_bps": 0.5220883534136547,
        "profit_loss_ratio_2023_2024_2_0_bps": 0.9974869162146006,
        "sharpe_ratio_2023_2_0_bps": 0.5252692082109918,
        "annual_return_2023_2024_2_5_bps": 0.010748899052298588,
        "annual_volatility_2023_2024_2_5_bps": 0.02668779140020123,
        "sharpe_ratio_2023_2024_2_5_bps": 0.41391571020524176,
        "downside_risk_2023_2024_2_5_bps": 0.01873804244908786,
        "sortino_ratio_2023_2024_2_5_bps": 0.5895224200306666,
        "max_drawdown_2023_2024_2_5_bps": 0.0290097156612937,
        "calmar_ratio_2023_2024_2_5_bps": 0.37052755627799344,
        "perc_pos_return_2023_2024_2_5_bps": 0.5220883534136547,
        "profit_loss_ratio_2023_2024_2_5_bps": 0.979499987080696,
        "sharpe_ratio_2023_2_5_bps": 0.41391571020524176,
        "annual_return_2023_2024_3_0_bps": 0.00774653101167222,
        "annual_volatility_2023_2024_3_0_bps": 0.02668154538222147,
        "sharpe_ratio_2023_2024_3_0_bps": 0.3025074487627158,
        "downside_risk_2023_2024_3_0_bps": 0.018834488433052157,
        "sortino_ratio_2023_2024_3_0_bps": 0.4285418343754007,
        "max_drawdown_2023_2024_3_0_bps": 0.030186813292333647,
        "calmar_ratio_2023_2024_3_0_bps": 0.25661970134620193,
        "perc_pos_return_2023_2024_3_0_bps": 0.5220883534136547,
        "profit_loss_ratio_2023_2024_3_0_bps": 0.9618253028722262,
        "sharpe_ratio_2023_3_0_bps": 0.3025074487627158
    },
    "COMB": {
        "annual_return_2023_2024": 0.025894851751092185,
        "annual_volatility_2023_2024": 0.026721022555052248,
        "sharpe_ratio_2023_2024": 0.9701030572772174,
        "downside_risk_2023_2024": 0.01826247124167606,
        "sortino_ratio_2023_2024": 1.4194215739583897,
        "max_drawdown_2023_2024": 0.023815480479000548,
        "calmar_ratio_2023_2024": 1.087311749763988,
        "perc_pos_return_2023_2024": 0.5220883534136547,
        "profit_loss_ratio_2023_2024": 1.0727286288352065,
        "sharpe_ratio_2023": 0.9701030572772174,
        "annual_return_2023_2024_0_5_bps": 0.02284769149138799,
        "annual_volatility_2023_2024_0_5_bps": 0.026714109843988802,
        "sharpe_ratio_2023_2024_0_5_bps": 0.8589848548066813,
        "downside_risk_2023_2024_0_5_bps": 0.018356674599974032,
        "sortino_ratio_2023_2024_0_5_bps": 1.2500638740777654,
        "max_drawdown_2023_2024_0_5_bps": 0.024380243709272928,
        "calmar_ratio_2023_2024_0_5_bps": 0.9371395857990525,
        "perc_pos_return_2023_2024_0_5_bps": 0.5220883534136547,
        "profit_loss_ratio_2023_2024_0_5_bps": 1.0534061683144378,
        "sharpe_ratio_2023_0_5_bps": 0.8589848548066813,
        "annual_return_2023_2024_1_0_bps": 0.019809542585413453,
        "annual_volatility_2023_2024_1_0_bps": 0.026707330272502865,
        "sharpe_ratio_2023_2024_1_0_bps": 0.7478054022340735,
        "downside_risk_2023_2024_1_0_bps": 0.01845134042622791,
        "sortino_ratio_2023_2024_1_0_bps": 1.0824083993723264,
        "max_drawdown_2023_2024_1_0_bps": 0.02546993612130453,
        "calmar_ratio_2023_2024_1_0_bps": 0.7777617694472191,
        "perc_pos_return_2023_2024_1_0_bps": 0.5220883534136547,
        "profit_loss_ratio_2023_2024_1_0_bps": 1.0344312016075385,
        "sharpe_ratio_2023_1_0_bps": 0.7478054022340735,
        "annual_return_2023_2024_1_5_bps": 0.01678037850053893,
        "annual_volatility_2023_2024_1_5_bps": 0.02670068394201086,
        "sharpe_ratio_2023_2024_1_5_bps": 0.6365663136322645,
        "downside_risk_2023_2024_1_5_bps": 0.018546461638779158,
        "sortino_ratio_2023_2024_1_5_bps": 0.9164419758045496,
        "max_drawdown_2023_2024_1_5_bps": 0.02665127875530825,
        "calmar_ratio_2023_2024_1_5_bps": 0.629627518236689,
        "perc_pos_return_2023_2024_1_5_bps": 0.5220883534136547,
        "profit_loss_ratio_2023_2024_1_5_bps": 1.015794438296016,
        "sharpe_ratio_2023_1_5_bps": 0.6365663136322645,
        "annual_return_2023_2024_2_0_bps": 0.013760172781932534,
        "annual_volatility_2023_2024_2_0_bps": 0.026694170952036057,
        "sharpe_ratio_2023_2024_2_0_bps": 0.5252692082109918,
        "downside_risk_2023_2024_2_0_bps": 0.018642031266785163,
        "sortino_ratio_2023_2024_2_0_bps": 0.7521511920649664,
        "max_drawdown_2023_2024_2_0_bps": 0.02783120470846537,
        "calmar_ratio_2023_2024_2_0_bps": 0.49441527688332965,
        "perc_pos_return_2023_2024_2_0_bps": 0.5220883534136547,
        "profit_loss_ratio_2023_2024_2_0_bps": 0.9974869162146006,
        "sharpe_ratio_2023_2_0_bps": 0.5252692082109918,
        "annual_return_2023_2024_2_5_bps": 0.010748899052298588,
        "annual_volatility_2023_2024_2_5_bps": 0.02668779140020123,
        "sharpe_ratio_2023_2024_2_5_bps": 0.41391571020524176,