{
    "ALL": {
        "annual_return": 0.025317163846718498,
        "annual_volatility": 0.04214009054835825,
        "sharpe_ratio": 0.4665526036379768,
        "downside_risk": 0.03059103673971525,
        "sortino_ratio": 0.6701143231278475,
        "max_drawdown": 0.041585375922041756,
        "calmar_ratio": 0.7657241544122191,
        "perc_pos_return": 0.5172849498134783,
        "profit_loss_ratio": 1.0268624878159711,
        "annual_return_0_5_bps": 0.022736955318875998,
        "annual_volatility_0_5_bps": 0.042142742418453755,
        "sharpe_ratio_0_5_bps": 0.39509296639407604,
        "downside_risk_0_5_bps": 0.030660546613060502,
        "sortino_ratio_0_5_bps": 0.5651515414766269,
        "max_drawdown_0_5_bps": 0.04209757551402725,
        "calmar_ratio_0_5_bps": 0.6407752842641807,
        "perc_pos_return_0_5_bps": 0.5172849498134783,
        "profit_loss_ratio_0_5_bps": 1.0136267484598382,
        "annual_return_1_0_bps": 0.02016365758267075,
        "annual_volatility_1_0_bps": 0.042145522435552,
        "sharpe_ratio_1_0_bps": 0.32364931762741245,
        "downside_risk_1_0_bps": 0.030730416627935752,
        "sortino_ratio_1_0_bps": 0.461000243125113,
        "max_drawdown_1_0_bps": 0.04262805616772301,
        "calmar_ratio_1_0_bps": 0.5253242270994116,
        "perc_pos_return_1_0_bps": 0.5143048068930965,
        "profit_loss_ratio_1_0_bps": 1.013265805509464,
        "annual_return_1_5_bps": 0.01759725149714875,
        "annual_volatility_1_5_bps": 0.04214843053682975,
        "sharpe_ratio_1_5_bps": 0.25222271350641756,
        "downside_risk_1_5_bps": 0.03080064601201775,
        "sortino_ratio_1_5_bps": 0.3576559501666201,
        "max_drawdown_1_5_bps": 0.0433118572605485,
        "calmar_ratio_1_5_bps": 0.42243830520194653,
        "perc_pos_return_1_5_bps": 0.5123206799089696,
        "profit_loss_ratio_1_5_bps": 1.0088812720913813,
        "annual_return_2_0_bps": 0.015037717975220001,
        "annual_volatility_2_0_bps": 0.04215146665734375,
        "sharpe_ratio_2_0_bps": 0.1808142073409738,
        "downside_risk_2_0_bps": 0.03087123529112975,
        "sortino_ratio_2_0_bps": 0.2551140137866695,
        "max_drawdown_2_0_bps": 0.0440015577666965,
        "calmar_ratio_2_0_bps": 0.32679635912043176,
        "perc_pos_return_2_0_bps": 0.5093205842883921,
        "profit_loss_ratio_2_0_bps": 1.0084746180008541,
        "annual_return_2_5_bps": 0.012485037983519253,
        "annual_volatility_2_5_bps": 0.042154630730040256,
        "sharpe_ratio_2_5_bps": 0.109424849470738,
        "downside_risk_2_5_bps": 0.03094218486188125,
        "sortino_ratio_2_5_bps": 0.15336979618761254,
        "max_drawdown_2_5_bps": 0.044967904700828495,
        "calmar_ratio_2_5_bps": 0.2339094589783417,
        "perc_pos_return_2_5_bps": 0.5093205842883921,
        "profit_loss_ratio_2_5_bps": 0.9954938520139645,
        "annual_return_3_0_bps": 0.0099391925422445,
        "annual_volatility_3_0_bps": 0.04215792268576425,
        "sharpe_ratio_3_0_bps": 0.03805568715449176,
        "downside_risk_3_0_bps": 0.031013491857544755,
        "sortino_ratio_3_0_bps": 0.05241871951152798,
        "max_drawdown_3_0_bps": 0.04599659128446975,
        "calmar_ratio_3_0_bps": 0.14993176680191456,
        "perc_pos_return_3_0_bps": 0.5053442677028998,
        "profit_loss_ratio_3_0_bps": 0.9978009787156603,
        "annual_return_rescaled": 0.08413430333138866,
        "annual_volatility_rescaled": 0.15000000000000138,
        "downside_risk_rescaled": 0.10889049955152821,
        "max_drawdown_rescaled": 0.13929462934778075,
        "annual_return_rescaled_0_5_bps": 0.07431556269717604,
        "annual_volatility_rescaled_0_5_bps": 0.15000000000000108,
        "downside_risk_rescaled_0_5_bps": 0.10913105621586706,
        "max_drawdown_rescaled_0_5_bps": 0.14099722792252373,
        "annual_return_rescaled_1_0_bps": 0.06459191422197774,
        "annual_volatility_rescaled_1_0_bps": 0.15000000000000185,
        "downside_risk_rescaled_1_0_bps": 0.1093725318327531,
        "max_drawdown_rescaled_1_0_bps": 0.14286678563283745,
        "annual_return_rescaled_1_5_bps": 0.054962488560793415,
        "annual_volatility_rescaled_1_5_bps": 0.15000000000000166,
        "downside_risk_rescaled_1_5_bps": 0.10961492143261727,
        "max_drawdown_rescaled_1_5_bps": 0.14512996030049685,
        "annual_return_rescaled_2_0_bps": 0.04542642276918846,
        "annual_volatility_rescaled_2_0_bps": 0.15000000000000135,
        "downside_risk_rescaled_2_0_bps": 0.10985822465711803,
        "max_drawdown_rescaled_2_0_bps": 0.14750814332949352,
        "annual_return_rescaled_2_5_bps": 0.03598286028368819,
        "annual_volatility_rescaled_2_5_bps": 0.15000000000000135,
        "downside_risk_rescaled_2_5_bps": 0.11010244067859341,
        "max_drawdown_rescaled_2_5_bps": 0.15089866145235362,
        "annual_return_rescaled_3_0_bps": 0.026630950901778888,
        "annual_volatility_rescaled_3_0_bps": 0.1500000000000008,
        "downside_risk_rescaled_3_0_bps": 0.11034755704893073,
        "max_drawdown_rescaled_3_0_bps": 0.15426591857199395,
        "sharpe_ratio_years": 0.4665526036379768,
        "sharpe_ratio_years_0_5_bps": 0.39509296639407604,
        "sharpe_ratio_years_1_0_bps": 0.32364931762741245,
        "sharpe_ratio_years_1_5_bps": 0.25222271350641756,
        "sharpe_ratio_years_2_0_bps": 0.1808142073409738,
        "sharpe_ratio_years_2_5_bps": 0.109424849470738,
        "sharpe_ratio_years_3_0_bps": 0.03805568715449176,
        "sharpe_ratio_years_std": 0.7387098074684182,
        "sharpe_ratio_years_std_0_5_bps": 0.7294324346574727,
        "sharpe_ratio_years_std_1_0_bps": 0.721216123552876,
        "sharpe_ratio_years_std_1_5_bps": 0.7140953323598621,
        "sharpe_ratio_years_std_2_0_bps": 0.7081007538605003,
        "sharpe_ratio_years_std_2_5_bps": 0.7032586420250997,
        "sharpe_ratio_years_std_3_0_bps": 0.6995901964075306
    },
    "COMB": {
        "annual_return": 0.025317163846718498,
        "annual_volatility": 0.04214009054835825,
        "sharpe_ratio": 0.4665526036379768,
        "downside_risk": 0.03059103673971525,
        "sortino_ratio": 0.6701143231278475,
        "max_drawdown": 0.041585375922041756,
        "calmar_ratio": 0.7657241544122191,
        "perc_pos_return": 0.5172849498134783,
        "profit_loss_ratio": 1.0268624878159711,
        "annual_return_0_5_bps": 0.022736955318875998,
        "annual_volatility_0_5_bps": 0.042142742418453755,
        "sharpe_ratio_0_5_bps": 0.39509296639407604,
        "downside_risk_0_5_bps": 0.030660546613060502,
        "sortino_ratio_0_5_bps": 0.5651515414766269,
        "max_drawdown_0_5_bps": 0.04209757551402725,
        "calmar_ratio_0_5_bps": 0.6407752842641807,
        "perc_pos_return_0_5_bps": 0.5172849498134783,
        "profit_loss_ratio_0_5_bps": 1.0136267484598382,
        "annual_return_1_0_bps": 0.02016365758267075,
        "annual_volatility_1_0_bps": 0.042145522435552,
        "sharpe_ratio_1_0_bps": 0.32364931762741245,
        "downside_risk_1_0_bps": 0.030730416627935752,
        "sortino_ratio_1_0_bps": 0.461000243125113,
        "max_drawdown_1_0_bps": 0.04262805616772301,
        "calmar_ratio_1_0_bps": 0.5253242270994116,
        "perc_pos_return_1_0_bps": 0.5143048068930965,
        "profit_loss_ratio_1_0_bps": 1.013265805509464,
        "annual_return_1_5_bps": 0.01759725149714875,
        "annual_volatility_1_5_bps": 0.04214843053682975,
        "sharpe_ratio_1_5_bps": 0.25222271350641756,
        "downside_risk_1_5_bps": 0.03080064601201775,
        "sortino_ratio_1_5_bps": 0.3576559501666201,
        "max_drawdown_1_5_bps": 0.0433118572605485,
        "calmar_ratio_1_5_bps": 0.42243830520194653,
        "perc_pos_return_1_5_bps": 0.5123206799089696,
        "profit_loss_ratio_1_5_bps": 1.0088812720913813,