{
    "ALL": {
        "performance_sw": 0.13657682307934918,
        "performance_fw": 0.16118591524126127,
        "val_loss": 0.5197403702985591,
        "annual_return_2023_2024": 0.005394745912445709,
        "annual_volatility_2023_2024": 0.04767914618046928,
        "sharpe_ratio_2023_2024": 0.13657682307934904,
        "downside_risk_2023_2024": 0.032400484494225806,
        "sortino_ratio_2023_2024": 0.20098052279511044,
        "max_drawdown_2023_2024": 0.04811839773302,
        "calmar_ratio_2023_2024": 0.1121139972776713,
        "perc_pos_return_2023_2024": 0.4819277108433735,
        "profit_loss_ratio_2023_2024": 1.0993853778589362,
        "sharpe_ratio_2023": 0.13657682307934904,
        "annual_return_2023_2024_0_5_bps": 0.004065031575575029,
        "annual_volatility_2023_2024_0_5_bps": 0.04767785587290455,
        "sharpe_ratio_2023_2024_0_5_bps": 0.10882054848203282,
        "downside_risk_2023_2024_0_5_bps": 0.03244352758856338,
        "sortino_ratio_2023_2024_0_5_bps": 0.1599188131553769,
        "max_drawdown_2023_2024_0_5_bps": 0.048773581175464015,
        "calmar_ratio_2023_2024_0_5_bps": 0.08334494776897743,
        "perc_pos_return_2023_2024_0_5_bps": 0.4779116465863454,
        "profit_loss_ratio_2023_2024_0_5_bps": 1.1121355453672255,
        "sharpe_ratio_2023_0_5_bps": 0.10882054848203282,
        "annual_return_2023_2024_1_0_bps": 0.0027370675083846496,
        "annual_volatility_2023_2024_1_0_bps": 0.04767659522859331,
        "sharpe_ratio_2023_2024_1_0_bps": 0.08106272107055448,
        "downside_risk_2023_2024_1_0_bps": 0.03248663923208886,
        "sortino_ratio_2023_2024_1_0_bps": 0.11896566194485629,
        "max_drawdown_2023_2024_1_0_bps": 0.04942831774452246,
        "calmar_ratio_2023_2024_1_0_bps": 0.055374482346973376,
        "perc_pos_return_2023_2024_1_0_bps": 0.4738955823293173,
        "profit_loss_ratio_2023_2024_1_0_bps": 1.1250465567843342,
        "sharpe_ratio_2023_1_0_bps": 0.08106272107055448,
        "annual_return_2023_2024_1_5_bps": 0.0014108514180610765,
        "annual_volatility_2023_2024_1_5_bps": 0.04767536424988866,
        "sharpe_ratio_2023_2024_1_5_bps": 0.05330339253123873,
        "downside_risk_2023_2024_1_5_bps": 0.03252981963544537,
        "sortino_ratio_2023_2024_1_5_bps": 0.0781208959398157,
        "max_drawdown_2023_2024_1_5_bps": 0.050082607742204556,
        "calmar_ratio_2023_2024_1_5_bps": 0.02817048635572851,
        "perc_pos_return_2023_2024_1_5_bps": 0.46987951807228917,
        "profit_loss_ratio_2023_2024_1_5_bps": 1.1381231742118125,
        "sharpe_ratio_2023_1_5_bps": 0.05330339253123873,
        "annual_return_2023_2024_2_0_bps": 8.638101477331794e-05,
        "annual_volatility_2023_2024_2_0_bps": 0.047674162939088556,
        "sharpe_ratio_2023_2024_2_0_bps": 0.025542614566926723,
        "downside_risk_2023_2024_2_0_bps": 0.03257306972853412,
        "sortino_ratio_2023_2024_2_0_bps": 0.03738434169399982,
        "max_drawdown_2023_2024_2_0_bps": 0.05083882188979625,
        "calmar_ratio_2023_2024_2_0_bps": 0.0016991151950878564,
        "perc_pos_return_2023_2024_2_0_bps": 0.46987951807228917,
        "profit_loss_ratio_2023_2024_2_0_bps": 1.1329465347281154,
        "sharpe_ratio_2023_2_0_bps": 0.025542614566926723,
        "annual_return_2023_2024_2_5_bps": -0.001236345988320342,
        "annual_volatility_2023_2024_2_5_bps": 0.047672991298435795,
        "sharpe_ratio_2023_2024_2_5_bps": -0.002219561103501771,
        "downside_risk_2023_2024_2_5_bps": 0.03261638971504294,
        "sortino_ratio_2023_2024_2_5_bps": -0.003244170127289858,
        "max_drawdown_2023_2024_2_5_bps": 0.05165805480812688,
        "calmar_ratio_2023_2024_2_5_bps": -0.023933266417260436,
        "perc_pos_return_2023_2024_2_5_bps": 0.46987951807228917,
        "profit_loss_ratio_2023_2024_2_5_bps": 1.127794090013343,
        "sharpe_ratio_2023_2_5_bps": -0.002219561103501771,
        "annual_return_2023_2024_3_0_bps": -0.002557331875081781,
        "annual_volatility_2023_2024_3_0_bps": 0.047671849330118005,
        "sharpe_ratio_2023_2024_3_0_bps": -0.02998308274561005,
        "downside_risk_2023_2024_3_0_bps": 0.03265977931685156,
        "sortino_ratio_2023_2024_3_0_bps": -0.04376480897908817,
        "max_drawdown_2023_2024_3_0_bps": 0.052476586035636784,
        "calmar_ratio_2023_2024_3_0_bps": -0.04873281721004297,
        "perc_pos_return_2023_2024_3_0_bps": 0.46987951807228917,
        "profit_loss_ratio_2023_2024_3_0_bps": 1.1226656708393603,
        "sharpe_ratio_2023_3_0_bps": -0.02998308274561005
    },
    "COMB": {
        "annual_return_2023_2024": 0.005394745912445709,
        "annual_volatility_2023_2024": 0.04767914618046928,
        "sharpe_ratio_2023_2024": 0.13657682307934904,
        "downside_risk_2023_2024": 0.032400484494225806,
        "sortino_ratio_2023_2024": 0.20098052279511044,
        "max_drawdown_2023_2024": 0.04811839773302,
        "calmar_ratio_2023_2024": 0.1121139972776713,
        "perc_pos_return_2023_2024": 0.4819277108433735,
        "profit_loss_ratio_2023_2024": 1.0993853778589362,
        "sharpe_ratio_2023": 0.13657682307934904,
        "annual_return_2023_2024_0_5_bps": 0.004065031575575029,
        "annual_volatility_2023_2024_0_5_bps": 0.04767785587290455,
        "sharpe_ratio_2023_2024_0_5_bps": 0.10882054848203282,
        "downside_risk_2023_2024_0_5_bps": 0.03244352758856338,
        "sortino_ratio_2023_2024_0_5_bps": 0.1599188131553769,
        "max_drawdown_2023_2024_0_5_bps": 0.048773581175464015,
        "calmar_ratio_2023_2024_0_5_bps": 0.08334494776897743,
        "perc_pos_return_2023_2024_0_5_bps": 0.4779116465863454,
        "profit_loss_ratio_2023_2024_0_5_bps": 1.1121355453672255,
        "sharpe_ratio_2023_0_5_bps": 0.10882054848203282,
        "annual_return_2023_2024_1_0_bps": 0.0027370675083846496,
        "annual_volatility_2023_2024_1_0_bps": 0.04767659522859331,
        "sharpe_ratio_2023_2024_1_0_bps": 0.08106272107055448,
        "downside_risk_2023_2024_1_0_bps": 0.03248663923208886,
        "sortino_ratio_2023_2024_1_0_bps": 0.11896566194485629,
        "max_drawdown_2023_2024_1_0_bps": 0.04942831774452246,
        "calmar_ratio_2023_2024_1_0_bps": 0.055374482346973376,
        "perc_pos_return_2023_2024_1_0_bps": 0.4738955823293173,
        "profit_loss_ratio_2023_2024_1_0_bps": 1.1250465567843342,
        "sharpe_ratio_2023_1_0_bps": 0.08106272107055448,
        "annual_return_2023_2024_1_5_bps": 0.0014108514180610765,
        "annual_volatility_2023_2024_1_5_bps": 0.04767536424988866,
        "sharpe_ratio_2023_2024_1_5_bps": 0.05330339253123873,
        "downside_risk_2023_2024_1_5_bps": 0.03252981963544537,
        "sortino_ratio_2023_2024_1_5_bps": 0.0781208959398157,
        "max_drawdown_2023_2024_1_5_bps": 0.050082607742204556,
        "calmar_ratio_2023_2024_1_5_bps": 0.02817048635572851,
        "perc_pos_return_2023_2024_1_5_bps": 0.46987951807228917,
        "profit_loss_ratio_2023_2024_1_5_bps": 1.1381231742118125,
        "sharpe_ratio_2023_1_5_bps": 0.05330339253123873,
        "annual_return_2023_2024_2_0_bps": 8.638101477331794e-05,
        "annual_volatility_2023_2024_2_0_bps": 0.047674162939088556,
        "sharpe_ratio_2023_2024_2_0_bps": 0.025542614566926723,
        "downside_risk_2023_2024_2_0_bps": 0.03257306972853412,
        "sortino_ratio_2023_2024_2_0_bps": 0.03738434169399982,
        "max_drawdown_2023_2024_2_0_bps": 0.05083882188979625,
        "calmar_ratio_2023_2024_2_0_bps": 0.0016991151950878564,
        "perc_pos_return_2023_2024_2_0_bps": 0.46987951807228917,
        "profit_loss_ratio_2023_2024_2_0_bps": 1.1329465347281154,
        "sharpe_ratio_2023_2_0_bps": 0.025542614566926723,
        "annual_return_2023_2024_2_5_bps": -0.001236345988320342,
        "annual_volatility_2023_2024_2_5_bps": 0.047672991298435795,