{
    "ALL": {
        "annual_return": 0.036199560045979504,
        "annual_volatility": 0.04623602261224001,
        "sharpe_ratio": 0.8760343827851901,
        "downside_risk": 0.03229519533491926,
        "sortino_ratio": 1.259622888777347,
        "max_drawdown": 0.04186335735925151,
        "calmar_ratio": 1.1500451620465122,
        "perc_pos_return": 0.531213491134284,
        "profit_loss_ratio": 1.0348994314386257,
        "annual_return_0_5_bps": 0.0336625004008805,
        "annual_volatility_0_5_bps": 0.04623596227911176,
        "sharpe_ratio_0_5_bps": 0.8100241761517177,
        "downside_risk_0_5_bps": 0.032366884196537,
        "sortino_ratio_0_5_bps": 1.1590448830871403,
        "max_drawdown_0_5_bps": 0.042284914812665504,
        "calmar_ratio_0_5_bps": 1.0489308858183395,
        "perc_pos_return_0_5_bps": 0.531213491134284,
        "profit_loss_ratio_0_5_bps": 1.0234478638004747,
        "annual_return_1_0_bps": 0.031132775057242754,
        "annual_volatility_1_0_bps": 0.04623600384744775,
        "sharpe_ratio_1_0_bps": 0.7440006976087749,
        "downside_risk_1_0_bps": 0.032438893054950756,
        "sortino_ratio_1_0_bps": 1.0592683484938115,
        "max_drawdown_1_0_bps": 0.04283752967319275,
        "calmar_ratio_1_0_bps": 0.9467576770625237,
        "perc_pos_return_1_0_bps": 0.5292254117059655,
        "profit_loss_ratio_1_0_bps": 1.0208255446990546,
        "annual_return_1_5_bps": 0.028610360327591,
        "annual_volatility_1_5_bps": 0.046236147331504,
        "sharpe_ratio_1_5_bps": 0.6779647214972303,
        "downside_risk_1_5_bps": 0.032511222109665505,
        "sortino_ratio_1_5_bps": 0.960288220493513,
        "max_drawdown_1_5_bps": 0.0434128823332865,
        "calmar_ratio_1_5_bps": 0.8485926835900306,
        "perc_pos_return_1_5_bps": 0.5272412847218385,
        "profit_loss_ratio_1_5_bps": 1.017364346945861,
        "annual_return_2_0_bps": 0.02609523260582675,
        "annual_volatility_2_0_bps": 0.046236392744457504,
        "sharpe_ratio_2_0_bps": 0.6119170232256438,
        "downside_risk_2_0_bps": 0.03258387348416425,
        "sortino_ratio_2_0_bps": 0.8620992655441314,
        "max_drawdown_2_0_bps": 0.044094177316213255,
        "calmar_ratio_2_0_bps": 0.7460886910141176,
        "perc_pos_return_2_0_bps": 0.5272412847218385,
        "profit_loss_ratio_2_0_bps": 1.0061764857780053,
        "annual_return_2_5_bps": 0.02358736836693825,
        "annual_volatility_2_5_bps": 0.046236740098404006,
        "sharpe_ratio_2_5_bps": 0.5458583792200503,
        "downside_risk_2_5_bps": 0.03265684356756925,
        "sortino_ratio_2_5_bps": 0.7646966341834192,
        "max_drawdown_2_5_bps": 0.04519780470656476,
        "calmar_ratio_2_5_bps": 0.6215404256126915,
        "perc_pos_return_2_5_bps": 0.5272412847218385,
        "profit_loss_ratio_2_5_bps": 0.995151582459495,
        "annual_return_3_0_bps": 0.0210867441667115,
        "annual_volatility_3_0_bps": 0.04623718940435825,
        "sharpe_ratio_3_0_bps": 0.479789566873549,
        "downside_risk_3_0_bps": 0.0327301286426555,
        "sortino_ratio_3_0_bps": 0.6680753821536071,
        "max_drawdown_3_0_bps": 0.046299613468685503,
        "calmar_ratio_3_0_bps": 0.5124724443166857,
        "perc_pos_return_3_0_bps": 0.5262452687855835,
        "profit_loss_ratio_3_0_bps": 0.9890737512406648,
        "annual_return_rescaled": 0.11412615917954017,
        "annual_volatility_rescaled": 0.1500000000000003,
        "downside_risk_rescaled": 0.10477283785555316,
        "max_drawdown_rescaled": 0.13084797057493508,
        "annual_return_rescaled_0_5_bps": 0.10517790929072407,
        "annual_volatility_rescaled_0_5_bps": 0.1500000000000007,
        "downside_risk_rescaled_0_5_bps": 0.10500554958004982,
        "max_drawdown_rescaled_0_5_bps": 0.13219719409282774,
        "annual_return_rescaled_1_0_bps": 0.09631403856954457,
        "annual_volatility_rescaled_1_0_bps": 0.15000000000000122,
        "downside_risk_rescaled_1_0_bps": 0.10523906811447485,
        "max_drawdown_rescaled_1_0_bps": 0.13392451550799755,
        "annual_return_rescaled_1_5_bps": 0.08753372108000762,
        "annual_volatility_rescaled_1_5_bps": 0.1500000000000014,
        "downside_risk_rescaled_1_5_bps": 0.10547339252738777,
        "max_drawdown_rescaled_1_5_bps": 0.13564635312410706,
        "annual_return_rescaled_2_0_bps": 0.0788361385158941,
        "annual_volatility_rescaled_2_0_bps": 0.15000000000000055,
        "downside_risk_rescaled_2_0_bps": 0.10570852812064546,
        "max_drawdown_rescaled_2_0_bps": 0.13821777730333673,
        "annual_return_rescaled_2_5_bps": 0.07022048014335175,
        "annual_volatility_rescaled_2_5_bps": 0.15000000000000047,
        "downside_risk_rescaled_2_5_bps": 0.10594446158423164,
        "max_drawdown_rescaled_2_5_bps": 0.14154320521801764,
        "annual_return_rescaled_3_0_bps": 0.06168594274370043,
        "annual_volatility_rescaled_3_0_bps": 0.1500000000000012,
        "downside_risk_rescaled_3_0_bps": 0.10618117925514735,
        "max_drawdown_rescaled_3_0_bps": 0.14485038460015737,
        "sharpe_ratio_years": 0.8760343827851901,
        "sharpe_ratio_years_0_5_bps": 0.8100241761517177,
        "sharpe_ratio_years_1_0_bps": 0.7440006976087749,
        "sharpe_ratio_years_1_5_bps": 0.6779647214972303,
        "sharpe_ratio_years_2_0_bps": 0.6119170232256438,
        "sharpe_ratio_years_2_5_bps": 0.5458583792200503,
        "sharpe_ratio_years_3_0_bps": 0.479789566873549,
        "sharpe_ratio_years_std": 0.5509434104927335,
        "sharpe_ratio_years_std_0_5_bps": 0.5193571490086258,
        "sharpe_ratio_years_std_1_0_bps": 0.48927809755044827,
        "sharpe_ratio_years_std_1_5_bps": 0.46100611984243917,
        "sharpe_ratio_years_std_2_0_bps": 0.43489854885319,
        "sharpe_ratio_years_std_2_5_bps": 0.4113724355724529,
        "sharpe_ratio_years_std_3_0_bps": 0.3908988550824162
    },
    "COMB": {
        "annual_return": 0.036199560045979504,
        "annual_volatility": 0.04623602261224001,
        "sharpe_ratio": 0.8760343827851901,
        "downside_risk": 0.03229519533491926,
        "sortino_ratio": 1.259622888777347,
        "max_drawdown": 0.04186335735925151,
        "calmar_ratio": 1.1500451620465122,
        "perc_pos_return": 0.531213491134284,
        "profit_loss_ratio": 1.0348994314386257,
        "annual_return_0_5_bps": 0.0336625004008805,
        "annual_volatility_0_5_bps": 0.04623596227911176,
        "sharpe_ratio_0_5_bps": 0.8100241761517177,
        "downside_risk_0_5_bps": 0.032366884196537,
        "sortino_ratio_0_5_bps": 1.1590448830871403,
        "max_drawdown_0_5_bps": 0.042284914812665504,
        "calmar_ratio_0_5_bps": 1.0489308858183395,
        "perc_pos_return_0_5_bps": 0.531213491134284,
        "profit_loss_ratio_0_5_bps": 1.0234478638004747,
        "annual_return_1_0_bps": 0.031132775057242754,
        "annual_volatility_1_0_bps": 0.04623600384744775,
        "sharpe_ratio_1_0_bps": 0.7440006976087749,
        "downside_risk_1_0_bps": 0.032438893054950756,
        "sortino_ratio_1_0_bps": 1.0592683484938115,
        "max_drawdown_1_0_bps": 0.04283752967319275,
        "calmar_ratio_1_0_bps": 0.9467576770625237,
        "perc_pos_return_1_0_bps": 0.5292254117059655,
        "profit_loss_ratio_1_0_bps": 1.0208255446990546,
        "annual_return_1_5_bps": 0.028610360327591,
        "annual_volatility_1_5_bps": 0.046236147331504,
        "sharpe_ratio_1_5_bps": 0.6779647214972303,
        "downside_risk_1_5_bps": 0.032511222109665505,
        "sortino_ratio_1_5_bps": 0.960288220493513,
        "max_drawdown_1_5_bps": 0.0434128823332865,
        "calmar_ratio_1_5_bps": 0.8485926835900306,
        "perc_pos_return_1_5_bps": 0.5272412847218385,
        "profit_loss_ratio_1_5_bps": 1.017364346945861,