{
    "ALL": {
        "performance_sw": 0.7699483274035316,
        "performance_fw": 0.7623549010642247,
        "val_loss": 3.255669031930484,
        "annual_return_2020_2021": 0.06357060564050476,
        "annual_volatility_2020_2021": 0.08472563592127744,
        "sharpe_ratio_2020_2021": 0.7699483274035313,
        "downside_risk_2020_2021": 0.06439764667364001,
        "sortino_ratio_2020_2021": 1.012992943614671,
        "max_drawdown_2020_2021": 0.10385949101790683,
        "calmar_ratio_2020_2021": 0.6120827766192721,
        "perc_pos_return_2020_2021": 0.5731225296442688,
        "profit_loss_ratio_2020_2021": 0.890441889634628,
        "sharpe_ratio_2020": 0.7699483274035313,
        "annual_return_2020_2021_0_5_bps": 0.06049361216742111,
        "annual_volatility_2020_2021_0_5_bps": 0.08472728694458824,
        "sharpe_ratio_2020_2021_0_5_bps": 0.7357317189575828,
        "downside_risk_2020_2021_0_5_bps": 0.06444816626026735,
        "sortino_ratio_2020_2021_0_5_bps": 0.9672354712873358,
        "max_drawdown_2020_2021_0_5_bps": 0.10412902968103689,
        "calmar_ratio_2020_2021_0_5_bps": 0.5809485822802947,
        "perc_pos_return_2020_2021_0_5_bps": 0.5731225296442688,
        "profit_loss_ratio_2020_2021_0_5_bps": 0.88346941620544,
        "sharpe_ratio_2020_0_5_bps": 0.7357317189575828,
        "annual_return_2020_2021_1_0_bps": 0.057425474362458706,
        "annual_volatility_2020_2021_1_0_bps": 0.08472906238339493,
        "sharpe_ratio_2020_2021_1_0_bps": 0.7015154138961552,
        "downside_risk_2020_2021_1_0_bps": 0.06449892399369919,
        "sortino_ratio_2020_2021_1_0_bps": 0.9215462768452841,
        "max_drawdown_2020_2021_1_0_bps": 0.10447316971741974,
        "calmar_ratio_2020_2021_1_0_bps": 0.5496671970208601,
        "perc_pos_return_2020_2021_1_0_bps": 0.5731225296442688,
        "profit_loss_ratio_2020_2021_1_0_bps": 0.8765472769498683,
        "sharpe_ratio_2020_1_0_bps": 0.7015154138961552,
        "annual_return_2020_2021_1_5_bps": 0.054366166871813615,
        "annual_volatility_2020_2021_1_5_bps": 0.08473096222987658,
        "sharpe_ratio_2020_2021_1_5_bps": 0.6672995629872592,
        "downside_risk_2020_2021_1_5_bps": 0.06454991931214742,
        "sortino_ratio_2020_2021_1_5_bps": 0.8759257125337161,
        "max_drawdown_2020_2021_1_5_bps": 0.10481718394995523,
        "calmar_ratio_2020_2021_1_5_bps": 0.5186760874798033,
        "perc_pos_return_2020_2021_1_5_bps": 0.5731225296442688,
        "profit_loss_ratio_2020_2021_1_5_bps": 0.8696749287857776,
        "sharpe_ratio_2020_1_5_bps": 0.6672995629872592,
        "annual_return_2020_2021_2_0_bps": 0.051315664413883466,
        "annual_volatility_2020_2021_2_0_bps": 0.0847329864756649,
        "sharpe_ratio_2020_2021_2_0_bps": 0.6330843169732833,
        "downside_risk_2020_2021_2_0_bps": 0.06460115165297238,
        "sortino_ratio_2020_2021_2_0_bps": 0.830374126396624,
        "max_drawdown_2020_2021_2_0_bps": 0.1051610724223151,
        "calmar_ratio_2020_2021_2_0_bps": 0.48797205307878094,
        "perc_pos_return_2020_2021_2_0_bps": 0.5731225296442688,
        "profit_loss_ratio_2020_2021_2_0_bps": 0.8628518364158375,
        "sharpe_ratio_2020_2_0_bps": 0.6330843169732833,
        "annual_return_2020_2021_2_5_bps": 0.04827394177906985,
        "annual_volatility_2020_2021_2_5_bps": 0.08473513511184455,
        "sharpe_ratio_2020_2021_2_5_bps": 0.5988698265676762,
        "downside_risk_2020_2021_2_5_bps": 0.06465262045270682,
        "sortino_ratio_2020_2021_2_5_bps": 0.784891862283277,
        "max_drawdown_2020_2021_2_5_bps": 0.10550483517816016,
        "calmar_ratio_2020_2021_2_5_bps": 0.45755193776240044,
        "perc_pos_return_2020_2021_2_5_bps": 0.5731225296442688,
        "profit_loss_ratio_2020_2021_2_5_bps": 0.8560774721885303,
        "sharpe_ratio_2020_2_5_bps": 0.5988698265676762,
        "annual_return_2020_2021_3_0_bps": 0.04524097382957559,
        "annual_volatility_2020_2021_3_0_bps": 0.08473740812895325,
        "sharpe_ratio_2020_2021_3_0_bps": 0.5646562424516317,
        "downside_risk_2020_2021_3_0_bps": 0.06470432533117706,
        "sortino_ratio_2020_2021_3_0_bps": 0.7394792577511088,
        "max_drawdown_2020_2021_3_0_bps": 0.10584847226113542,
        "calmar_ratio_2020_2021_3_0_bps": 0.4274126292343929,
        "perc_pos_return_2020_2021_3_0_bps": 0.5652173913043478,
        "profit_loss_ratio_2020_2021_3_0_bps": 0.8771768914040543,
        "sharpe_ratio_2020_3_0_bps": 0.5646562424516317
    },
    "COMB": {
        "annual_return_2020_2021": 0.06357060564050476,
        "annual_volatility_2020_2021": 0.08472563592127744,
        "sharpe_ratio_2020_2021": 0.7699483274035313,
        "downside_risk_2020_2021": 0.06439764667364001,
        "sortino_ratio_2020_2021": 1.012992943614671,
        "max_drawdown_2020_2021": 0.10385949101790683,
        "calmar_ratio_2020_2021": 0.6120827766192721,
        "perc_pos_return_2020_2021": 0.5731225296442688,
        "profit_loss_ratio_2020_2021": 0.890441889634628,
        "sharpe_ratio_2020": 0.7699483274035313,
        "annual_return_2020_2021_0_5_bps": 0.06049361216742111,
        "annual_volatility_2020_2021_0_5_bps": 0.08472728694458824,
        "sharpe_ratio_2020_2021_0_5_bps": 0.7357317189575828,
        "downside_risk_2020_2021_0_5_bps": 0.06444816626026735,
        "sortino_ratio_2020_2021_0_5_bps": 0.9672354712873358,
        "max_drawdown_2020_2021_0_5_bps": 0.10412902968103689,
        "calmar_ratio_2020_2021_0_5_bps": 0.5809485822802947,
        "perc_pos_return_2020_2021_0_5_bps": 0.5731225296442688,
        "profit_loss_ratio_2020_2021_0_5_bps": 0.88346941620544,
        "sharpe_ratio_2020_0_5_bps": 0.7357317189575828,
        "annual_return_2020_2021_1_0_bps": 0.057425474362458706,
        "annual_volatility_2020_2021_1_0_bps": 0.08472906238339493,
        "sharpe_ratio_2020_2021_1_0_bps": 0.7015154138961552,
        "downside_risk_2020_2021_1_0_bps": 0.06449892399369919,
        "sortino_ratio_2020_2021_1_0_bps": 0.9215462768452841,
        "max_drawdown_2020_2021_1_0_bps": 0.10447316971741974,
        "calmar_ratio_2020_2021_1_0_bps": 0.5496671970208601,
        "perc_pos_return_2020_2021_1_0_bps": 0.5731225296442688,
        "profit_loss_ratio_2020_2021_1_0_bps": 0.8765472769498683,
        "sharpe_ratio_2020_1_0_bps": 0.7015154138961552,
        "annual_return_2020_2021_1_5_bps": 0.054366166871813615,
        "annual_volatility_2020_2021_1_5_bps": 0.08473096222987658,
        "sharpe_ratio_2020_2021_1_5_bps": 0.6672995629872592,
        "downside_risk_2020_2021_1_5_bps": 0.06454991931214742,
        "sortino_ratio_2020_2021_1_5_bps": 0.8759257125337161,
        "max_drawdown_2020_2021_1_5_bps": 0.10481718394995523,
        "calmar_ratio_2020_2021_1_5_bps": 0.5186760874798033,
        "perc_pos_return_2020_2021_1_5_bps": 0.5731225296442688,
        "profit_loss_ratio_2020_2021_1_5_bps": 0.8696749287857776,
        "sharpe_ratio_2020_1_5_bps": 0.6672995629872592,
        "annual_return_2020_2021_2_0_bps": 0.051315664413883466,
        "annual_volatility_2020_2021_2_0_bps": 0.0847329864756649,
        "sharpe_ratio_2020_2021_2_0_bps": 0.6330843169732833,
        "downside_risk_2020_2021_2_0_bps": 0.06460115165297238,
        "sortino_ratio_2020_2021_2_0_bps": 0.830374126396624,
        "max_drawdown_2020_2021_2_0_bps": 0.1051610724223151,
        "calmar_ratio_2020_2021_2_0_bps": 0.48797205307878094,
        "perc_pos_return_2020_2021_2_0_bps": 0.5731225296442688,
        "profit_loss_ratio_2020_2021_2_0_bps": 0.8628518364158375,
        "sharpe_ratio_2020_2_0_bps": 0.6330843169732833,
        "annual_return_2020_2021_2_5_bps": 0.04827394177906985,
        "annual_volatility_2020_2021_2_5_bps": 0.08473513511184455,
        "sharpe_ratio_2020_2021_2_5_bps": 0.5988698265676762,