{
    "ALL": {
        "performance_sw": 0.1705954496056594,
        "performance_fw": 0.14297672742125175,
        "val_loss": 2.0858961456890186,
        "annual_return_2022_2023": 0.007149259876058078,
        "annual_volatility_2022_2023": 0.0486637961498401,
        "sharpe_ratio_2022_2023": 0.17059544960565953,
        "downside_risk_2022_2023": 0.031464266902707254,
        "sortino_ratio_2022_2023": 0.2638492169345864,
        "max_drawdown_2022_2023": 0.03479014127147814,
        "calmar_ratio_2022_2023": 0.20549671874771105,
        "perc_pos_return_2022_2023": 0.46215139442231074,
        "profit_loss_ratio_2022_2023": 1.1985570158221897,
        "sharpe_ratio_2022": 0.17059544960565953,
        "annual_return_2022_2023_0_5_bps": 0.005773136625260689,
        "annual_volatility_2022_2023_0_5_bps": 0.048664441108253,
        "sharpe_ratio_2022_2023_0_5_bps": 0.14249691660049474,
        "downside_risk_2022_2023_0_5_bps": 0.031507049965753306,
        "sortino_ratio_2022_2023_0_5_bps": 0.22009463956638048,
        "max_drawdown_2022_2023_0_5_bps": 0.035581598951638246,
        "calmar_ratio_2022_2023_0_5_bps": 0.16225062378752042,
        "perc_pos_return_2022_2023_0_5_bps": 0.46215139442231074,
        "profit_loss_ratio_2022_2023_0_5_bps": 1.1927569157561435,
        "sharpe_ratio_2022_0_5_bps": 0.14249691660049474,
        "annual_return_2022_2023_1_0_bps": 0.004398884235180089,
        "annual_volatility_2022_2023_1_0_bps": 0.04866512634583942,
        "sharpe_ratio_2022_2023_1_0_bps": 0.1143990336891556,
        "downside_risk_2022_2023_1_0_bps": 0.031549924428388505,
        "sortino_ratio_2022_2023_1_0_bps": 0.1764582175453743,
        "max_drawdown_2022_2023_1_0_bps": 0.036372412333899456,
        "calmar_ratio_2022_2023_1_0_bps": 0.12094012887565021,
        "perc_pos_return_2022_2023_1_0_bps": 0.4581673306772908,
        "profit_loss_ratio_2022_2023_1_0_bps": 1.2061768335010068,
        "sharpe_ratio_2022_1_0_bps": 0.1143990336891556,
        "annual_return_2022_2023_1_5_bps": 0.0030265001751204057,
        "annual_volatility_2022_2023_1_5_bps": 0.048665851860897925,
        "sharpe_ratio_2022_2023_1_5_bps": 0.08630187061436352,
        "downside_risk_2022_2023_1_5_bps": 0.03159289055022309,
        "sortino_ratio_2022_2023_1_5_bps": 0.1329398474622113,
        "max_drawdown_2022_2023_1_5_bps": 0.037162581938956954,
        "calmar_ratio_2022_2023_1_5_bps": 0.08143944842400126,
        "perc_pos_return_2022_2023_1_5_bps": 0.4581673306772908,
        "profit_loss_ratio_2022_2023_1_5_bps": 1.200342852493714,
        "sharpe_ratio_2022_1_5_bps": 0.08630187061436352,
        "annual_return_2022_2023_2_0_bps": 0.0016559819177928148,
        "annual_volatility_2022_2023_2_0_bps": 0.048666617651627164,
        "sharpe_ratio_2022_2023_2_0_bps": 0.058205497107411464,
        "downside_risk_2022_2023_2_0_bps": 0.03163594802396537,
        "sortino_ratio_2022_2023_2_0_bps": 0.08953942745143717,
        "max_drawdown_2022_2023_2_0_bps": 0.03795210828708556,
        "calmar_ratio_2022_2023_2_0_bps": 0.04363346313375472,
        "perc_pos_return_2022_2023_2_0_bps": 0.4581673306772908,
        "profit_loss_ratio_2022_2023_2_0_bps": 1.1945388207068222,
        "sharpe_ratio_2022_2_0_bps": 0.058205497107411464,
        "annual_return_2022_2023_2_5_bps": 0.00028732693930710873,
        "annual_volatility_2022_2023_2_5_bps": 0.04866742371612589,
        "sharpe_ratio_2022_2023_2_5_bps": 0.03010998288730083,
        "downside_risk_2022_2023_2_5_bps": 0.03167909647712533,
        "sortino_ratio_2022_2023_2_5_bps": 0.046256852569001757,
        "max_drawdown_2022_2023_2_5_bps": 0.03874099189814601,
        "calmar_ratio_2022_2023_2_5_bps": 0.00741661287513031,
        "perc_pos_return_2022_2023_2_5_bps": 0.4581673306772908,
        "profit_loss_ratio_2022_2023_2_5_bps": 1.1887645081105969,
        "sharpe_ratio_2022_2_5_bps": 0.03010998288730083,
        "annual_return_2022_2023_3_0_bps": -0.0010794672808307482,
        "annual_volatility_2022_2023_3_0_bps": 0.04866827005239304,
        "sharpe_ratio_2022_2023_3_0_bps": 0.002015397659876661,
        "downside_risk_2022_2023_3_0_bps": 0.0317223363161851,
        "sortino_ratio_2022_2023_3_0_bps": 0.003092014301727005,
        "max_drawdown_2022_2023_3_0_bps": 0.039529233291582186,
        "calmar_ratio_2022_2023_3_0_bps": -0.02730807533928624,
        "perc_pos_return_2022_2023_3_0_bps": 0.4541832669322709,
        "profit_loss_ratio_2022_2023_3_0_bps": 1.202172020614388,
        "sharpe_ratio_2022_3_0_bps": 0.002015397659876661
    },
    "COMB": {
        "annual_return_2022_2023": 0.007149259876058078,
        "annual_volatility_2022_2023": 0.0486637961498401,
        "sharpe_ratio_2022_2023": 0.17059544960565953,
        "downside_risk_2022_2023": 0.031464266902707254,
        "sortino_ratio_2022_2023": 0.2638492169345864,
        "max_drawdown_2022_2023": 0.03479014127147814,
        "calmar_ratio_2022_2023": 0.20549671874771105,
        "perc_pos_return_2022_2023": 0.46215139442231074,
        "profit_loss_ratio_2022_2023": 1.1985570158221897,
        "sharpe_ratio_2022": 0.17059544960565953,
        "annual_return_2022_2023_0_5_bps": 0.005773136625260689,
        "annual_volatility_2022_2023_0_5_bps": 0.048664441108253,
        "sharpe_ratio_2022_2023_0_5_bps": 0.14249691660049474,
        "downside_risk_2022_2023_0_5_bps": 0.031507049965753306,
        "sortino_ratio_2022_2023_0_5_bps": 0.22009463956638048,
        "max_drawdown_2022_2023_0_5_bps": 0.035581598951638246,
        "calmar_ratio_2022_2023_0_5_bps": 0.16225062378752042,
        "perc_pos_return_2022_2023_0_5_bps": 0.46215139442231074,
        "profit_loss_ratio_2022_2023_0_5_bps": 1.1927569157561435,
        "sharpe_ratio_2022_0_5_bps": 0.14249691660049474,
        "annual_return_2022_2023_1_0_bps": 0.004398884235180089,
        "annual_volatility_2022_2023_1_0_bps": 0.04866512634583942,
        "sharpe_ratio_2022_2023_1_0_bps": 0.1143990336891556,
        "downside_risk_2022_2023_1_0_bps": 0.031549924428388505,
        "sortino_ratio_2022_2023_1_0_bps": 0.1764582175453743,
        "max_drawdown_2022_2023_1_0_bps": 0.036372412333899456,
        "calmar_ratio_2022_2023_1_0_bps": 0.12094012887565021,
        "perc_pos_return_2022_2023_1_0_bps": 0.4581673306772908,
        "profit_loss_ratio_2022_2023_1_0_bps": 1.2061768335010068,
        "sharpe_ratio_2022_1_0_bps": 0.1143990336891556,
        "annual_return_2022_2023_1_5_bps": 0.0030265001751204057,
        "annual_volatility_2022_2023_1_5_bps": 0.048665851860897925,
        "sharpe_ratio_2022_2023_1_5_bps": 0.08630187061436352,
        "downside_risk_2022_2023_1_5_bps": 0.03159289055022309,
        "sortino_ratio_2022_2023_1_5_bps": 0.1329398474622113,
        "max_drawdown_2022_2023_1_5_bps": 0.037162581938956954,
        "calmar_ratio_2022_2023_1_5_bps": 0.08143944842400126,
        "perc_pos_return_2022_2023_1_5_bps": 0.4581673306772908,
        "profit_loss_ratio_2022_2023_1_5_bps": 1.200342852493714,
        "sharpe_ratio_2022_1_5_bps": 0.08630187061436352,
        "annual_return_2022_2023_2_0_bps": 0.0016559819177928148,
        "annual_volatility_2022_2023_2_0_bps": 0.048666617651627164,
        "sharpe_ratio_2022_2023_2_0_bps": 0.058205497107411464,
        "downside_risk_2022_2023_2_0_bps": 0.03163594802396537,
        "sortino_ratio_2022_2023_2_0_bps": 0.08953942745143717,
        "max_drawdown_2022_2023_2_0_bps": 0.03795210828708556,
        "calmar_ratio_2022_2023_2_0_bps": 0.04363346313375472,
        "perc_pos_return_2022_2023_2_0_bps": 0.4581673306772908,
        "profit_loss_ratio_2022_2023_2_0_bps": 1.1945388207068222,
        "sharpe_ratio_2022_2_0_bps": 0.058205497107411464,
        "annual_return_2022_2023_2_5_bps": 0.00028732693930710873,
        "annual_volatility_2022_2023_2_5_bps": 0.04866742371612589,