{
    "ALL": {
        "annual_return": 0.03226687160845025,
        "annual_volatility": 0.041675077449503495,
        "sharpe_ratio": 0.6280373340543965,
        "downside_risk": 0.028593797720353753,
        "sortino_ratio": 0.9407972042924133,
        "max_drawdown": 0.034515925384350755,
        "calmar_ratio": 1.1044126837680097,
        "perc_pos_return": 0.5222613300190361,
        "profit_loss_ratio": 1.0322308408808982,
        "annual_return_0_5_bps": 0.029505988054884504,
        "annual_volatility_0_5_bps": 0.04168037875879876,
        "sharpe_ratio_0_5_bps": 0.5720747653887143,
        "downside_risk_0_5_bps": 0.028674285442010502,
        "sortino_ratio_0_5_bps": 0.8543651939110262,
        "max_drawdown_0_5_bps": 0.03518837383595025,
        "calmar_ratio_0_5_bps": 0.9862646068835668,
        "perc_pos_return_0_5_bps": 0.520277203034909,
        "profit_loss_ratio_0_5_bps": 1.030985341207373,
        "annual_return_1_0_bps": 0.026758062601203503,
        "annual_volatility_1_0_bps": 0.041685827598547005,
        "sharpe_ratio_1_0_bps": 0.5161287180034522,
        "downside_risk_1_0_bps": 0.02875518548334925,
        "sortino_ratio_1_0_bps": 0.7686029790372697,
        "max_drawdown_1_0_bps": 0.0358695613951965,
        "calmar_ratio_1_0_bps": 0.876467171835664,
        "perc_pos_return_1_0_bps": 0.519289060742419,
        "profit_loss_ratio_1_0_bps": 1.0238502339288966,
        "annual_return_1_5_bps": 0.024023019294671002,
        "annual_volatility_1_5_bps": 0.04169142386132775,
        "sharpe_ratio_1_5_bps": 0.46019999530181827,
        "downside_risk_1_5_bps": 0.028836499380778754,
        "sortino_ratio_1_5_bps": 0.6835064372296975,
        "max_drawdown_1_5_bps": 0.036572497270198005,
        "calmar_ratio_1_5_bps": 0.7735782564001977,
        "perc_pos_return_1_5_bps": 0.5173009813141007,
        "profit_loss_ratio_1_5_bps": 1.0223307060703846,
        "annual_return_2_0_bps": 0.021300782656420006,
        "annual_volatility_2_0_bps": 0.041697167436853255,
        "sharpe_ratio_2_0_bps": 0.40428939825916177,
        "downside_risk_2_0_bps": 0.02891823110980875,
        "sortino_ratio_2_0_bps": 0.5990713455015595,
        "max_drawdown_2_0_bps": 0.0372745926570805,
        "calmar_ratio_2_0_bps": 0.6776289500351789,
        "perc_pos_return_2_0_bps": 0.515320775529547,
        "profit_loss_ratio_2_0_bps": 1.0198406437995238,
        "annual_return_2_5_bps": 0.01859127767845775,
        "annual_volatility_2_5_bps": 0.041703058211979,
        "sharpe_ratio_2_5_bps": 0.34839772533840324,
        "downside_risk_2_5_bps": 0.02900038035349725,
        "sortino_ratio_2_5_bps": 0.5152937326607325,
        "max_drawdown_2_5_bps": 0.03833414765630475,
        "calmar_ratio_2_5_bps": 0.5703567765180545,
        "perc_pos_return_2_5_bps": 0.5113524590720568,
        "profit_loss_ratio_2_5_bps": 1.024982092218683,
        "annual_return_3_0_bps": 0.015894429820692002,
        "annual_volatility_3_0_bps": 0.04170909607072025,
        "sharpe_ratio_3_0_bps": 0.292525772406222,
        "downside_risk_3_0_bps": 0.029082943213219754,
        "sortino_ratio_3_0_bps": 0.4321696889012588,
        "max_drawdown_3_0_bps": 0.03966821564996725,
        "calmar_ratio_3_0_bps": 0.4663647216095976,
        "perc_pos_return_3_0_bps": 0.5103603955799934,
        "profit_loss_ratio_3_0_bps": 1.019126239277768,
        "annual_return_rescaled": 0.11834666688841938,
        "annual_volatility_rescaled": 0.15000000000000108,
        "downside_risk_rescaled": 0.10291689711315011,
        "max_drawdown_rescaled": 0.12094633838419568,
        "annual_return_rescaled_0_5_bps": 0.10687615360094102,
        "annual_volatility_rescaled_0_5_bps": 0.1500000000000011,
        "downside_risk_rescaled_0_5_bps": 0.10319346763118577,
        "max_drawdown_rescaled_0_5_bps": 0.12316923561311988,
        "annual_return_rescaled_1_0_bps": 0.09560920336720508,
        "annual_volatility_rescaled_1_0_bps": 0.15000000000000094,
        "downside_risk_rescaled_1_0_bps": 0.10347108528205823,
        "max_drawdown_rescaled_1_0_bps": 0.12546629921251912,
        "annual_return_rescaled_1_5_bps": 0.08454152665168405,
        "annual_volatility_rescaled_1_5_bps": 0.1500000000000015,
        "downside_risk_rescaled_1_5_bps": 0.10374975250315385,
        "max_drawdown_rescaled_1_5_bps": 0.127752477306399,
        "annual_return_rescaled_2_0_bps": 0.07366892687161031,
        "annual_volatility_rescaled_2_0_bps": 0.15000000000000074,
        "downside_risk_rescaled_2_0_bps": 0.10402948049266127,
        "max_drawdown_rescaled_2_0_bps": 0.13040328264829487,
        "annual_return_rescaled_2_5_bps": 0.06298729846774762,
        "annual_volatility_rescaled_2_5_bps": 0.1500000000000019,
        "downside_risk_rescaled_2_5_bps": 0.10431026499095196,
        "max_drawdown_rescaled_2_5_bps": 0.13474135318549593,
        "annual_return_rescaled_3_0_bps": 0.052492625011396815,
        "annual_volatility_rescaled_3_0_bps": 0.150000000000001,
        "downside_risk_rescaled_3_0_bps": 0.10459208884762822,
        "max_drawdown_rescaled_3_0_bps": 0.13903031216482437,
        "sharpe_ratio_years": 0.6280373340543965,
        "sharpe_ratio_years_0_5_bps": 0.5720747653887143,
        "sharpe_ratio_years_1_0_bps": 0.5161287180034522,
        "sharpe_ratio_years_1_5_bps": 0.46019999530181827,
        "sharpe_ratio_years_2_0_bps": 0.40428939825916177,
        "sharpe_ratio_years_2_5_bps": 0.34839772533840324,
        "sharpe_ratio_years_3_0_bps": 0.292525772406222,
        "sharpe_ratio_years_std": 0.7851689057674043,
        "sharpe_ratio_years_std_0_5_bps": 0.7690982091652518,
        "sharpe_ratio_years_std_1_0_bps": 0.754584683398669,
        "sharpe_ratio_years_std_1_5_bps": 0.7417170954350681,
        "sharpe_ratio_years_std_2_0_bps": 0.730579497336122,
        "sharpe_ratio_years_std_2_5_bps": 0.7212488426371149,
        "sharpe_ratio_years_std_3_0_bps": 0.7137925311865816
    },
    "COMB": {
        "annual_return": 0.03226687160845025,
        "annual_volatility": 0.041675077449503495,
        "sharpe_ratio": 0.6280373340543965,
        "downside_risk": 0.028593797720353753,
        "sortino_ratio": 0.9407972042924133,
        "max_drawdown": 0.034515925384350755,
        "calmar_ratio": 1.1044126837680097,
        "perc_pos_return": 0.5222613300190361,
        "profit_loss_ratio": 1.0322308408808982,
        "annual_return_0_5_bps": 0.029505988054884504,
        "annual_volatility_0_5_bps": 0.04168037875879876,
        "sharpe_ratio_0_5_bps": 0.5720747653887143,
        "downside_risk_0_5_bps": 0.028674285442010502,
        "sortino_ratio_0_5_bps": 0.8543651939110262,
        "max_drawdown_0_5_bps": 0.03518837383595025,
        "calmar_ratio_0_5_bps": 0.9862646068835668,
        "perc_pos_return_0_5_bps": 0.520277203034909,
        "profit_loss_ratio_0_5_bps": 1.030985341207373,
        "annual_return_1_0_bps": 0.026758062601203503,
        "annual_volatility_1_0_bps": 0.041685827598547005,
        "sharpe_ratio_1_0_bps": 0.5161287180034522,
        "downside_risk_1_0_bps": 0.02875518548334925,
        "sortino_ratio_1_0_bps": 0.7686029790372697,
        "max_drawdown_1_0_bps": 0.0358695613951965,
        "calmar_ratio_1_0_bps": 0.876467171835664,
        "perc_pos_return_1_0_bps": 0.519289060742419,
        "profit_loss_ratio_1_0_bps": 1.0238502339288966,
        "annual_return_1_5_bps": 0.024023019294671002,
        "annual_volatility_1_5_bps": 0.04169142386132775,
        "sharpe_ratio_1_5_bps": 0.46019999530181827,
        "downside_risk_1_5_bps": 0.028836499380778754,
        "sortino_ratio_1_5_bps": 0.6835064372296975,
        "max_drawdown_1_5_bps": 0.036572497270198005,
        "calmar_ratio_1_5_bps": 0.7735782564001977,
        "perc_pos_return_1_5_bps": 0.5173009813141007,
        "profit_loss_ratio_1_5_bps": 1.0223307060703846,