{
    "ALL": {
        "performance_sw": 0.648649417683058,
        "performance_fw": 0.6529986889393771,
        "val_loss": 3.70737745262246,
        "annual_return_2020_2021": 0.033690245911003336,
        "annual_volatility_2020_2021": 0.05327001501289218,
        "sharpe_ratio_2020_2021": 0.6486494176830578,
        "downside_risk_2020_2021": 0.03923791984042183,
        "sortino_ratio_2020_2021": 0.8806166167474586,
        "max_drawdown_2020_2021": 0.051489789474183645,
        "calmar_ratio_2020_2021": 0.6543092573314019,
        "perc_pos_return_2020_2021": 0.5810276679841897,
        "profit_loss_ratio_2020_2021": 0.8230001230097632,
        "sharpe_ratio_2020": 0.6486494176830578,
        "annual_return_2020_2021_0_5_bps": 0.0320195181573768,
        "annual_volatility_2020_2021_0_5_bps": 0.05327338773869343,
        "sharpe_ratio_2020_2021_0_5_bps": 0.6182441338535097,
        "downside_risk_2020_2021_0_5_bps": 0.03927628243628492,
        "sortino_ratio_2020_2021_0_5_bps": 0.838571204221793,
        "max_drawdown_2020_2021_0_5_bps": 0.051568402582016504,
        "calmar_ratio_2020_2021_0_5_bps": 0.6209135159161009,
        "perc_pos_return_2020_2021_0_5_bps": 0.5810276679841897,
        "profit_loss_ratio_2020_2021_0_5_bps": 0.8179679623723172,
        "sharpe_ratio_2020_0_5_bps": 0.6182441338535097,
        "annual_return_2020_2021_1_0_bps": 0.030351475205054212,
        "annual_volatility_2020_2021_1_0_bps": 0.053276849067690056,
        "sharpe_ratio_2020_2021_1_0_bps": 0.5878417220588642,
        "downside_risk_2020_2021_1_0_bps": 0.03931476012379263,
        "sortino_ratio_2020_2021_1_0_bps": 0.7966055141429634,
        "max_drawdown_2020_2021_1_0_bps": 0.05164700977371629,
        "calmar_ratio_2020_2021_1_0_bps": 0.5876714903347686,
        "perc_pos_return_2020_2021_1_0_bps": 0.5770750988142292,
        "profit_loss_ratio_2020_2021_1_0_bps": 0.8262502083510284,
        "sharpe_ratio_2020_1_0_bps": 0.5878417220588642,
        "annual_return_2020_2021_1_5_bps": 0.028686112764566563,
        "annual_volatility_2020_2021_1_5_bps": 0.053280398982613886,
        "sharpe_ratio_2020_2021_1_5_bps": 0.5574423335940724,
        "downside_risk_2020_2021_1_5_bps": 0.03935335724455021,
        "sortino_ratio_2020_2021_1_5_bps": 0.7547195975968374,
        "max_drawdown_2020_2021_1_5_bps": 0.05172561104968482,
        "calmar_ratio_2020_2021_1_5_bps": 0.5545823854456207,
        "perc_pos_return_2020_2021_1_5_bps": 0.5770750988142292,
        "profit_loss_ratio_2020_2021_1_5_bps": 0.8211849824649025,
        "sharpe_ratio_2020_1_5_bps": 0.5574423335940724,
        "annual_return_2020_2021_2_0_bps": 0.027023426553277385,
        "annual_volatility_2020_2021_2_0_bps": 0.05328403746575949,
        "sharpe_ratio_2020_2021_2_0_bps": 0.5270461196490276,
        "downside_risk_2020_2021_2_0_bps": 0.039392075253498526,
        "sortino_ratio_2020_2021_2_0_bps": 0.7129135747441434,
        "max_drawdown_2020_2021_2_0_bps": 0.051804206410323135,
        "calmar_ratio_2020_2021_2_0_bps": 0.5216454111705564,
        "perc_pos_return_2020_2021_2_0_bps": 0.5731225296442688,
        "profit_loss_ratio_2020_2021_2_0_bps": 0.8294532274719728,
        "sharpe_ratio_2020_2_0_bps": 0.5270461196490276,
        "annual_return_2020_2021_2_5_bps": 0.025363412295337895,
        "annual_volatility_2020_2021_2_5_bps": 0.05328776449898457,
        "sharpe_ratio_2020_2021_2_5_bps": 0.4966532313048464,
        "downside_risk_2020_2021_2_5_bps": 0.039430921791739314,
        "sortino_ratio_2020_2021_2_5_bps": 0.6711874646810015,
        "max_drawdown_2020_2021_2_5_bps": 0.05188279585603191,
        "calmar_ratio_2020_2021_2_5_bps": 0.48885978245501854,
        "perc_pos_return_2020_2021_2_5_bps": 0.5652173913043478,
        "profit_loss_ratio_2020_2021_2_5_bps": 0.8513611270079463,
        "sharpe_ratio_2020_2_5_bps": 0.4966532313048464,
        "annual_return_2020_2021_3_0_bps": 0.02370606572169498,
        "annual_volatility_2020_2021_3_0_bps": 0.05329158006371045,
        "sharpe_ratio_2020_2021_3_0_bps": 0.4662638195301567,
        "downside_risk_2020_2021_3_0_bps": 0.039469901278538395,
        "sortino_ratio_2020_2021_3_0_bps": 0.6295413685975889,
        "max_drawdown_2020_2021_3_0_bps": 0.05196137938721158,
        "calmar_ratio_2020_2021_3_0_bps": 0.4562247192292469,
        "perc_pos_return_2020_2021_3_0_bps": 0.5652173913043478,
        "profit_loss_ratio_2020_2021_3_0_bps": 0.8461201098677487,
        "sharpe_ratio_2020_3_0_bps": 0.4662638195301567
    },
    "COMB": {
        "annual_return_2020_2021": 0.033690245911003336,
        "annual_volatility_2020_2021": 0.05327001501289218,
        "sharpe_ratio_2020_2021": 0.6486494176830578,
        "downside_risk_2020_2021": 0.03923791984042183,
        "sortino_ratio_2020_2021": 0.8806166167474586,
        "max_drawdown_2020_2021": 0.051489789474183645,
        "calmar_ratio_2020_2021": 0.6543092573314019,
        "perc_pos_return_2020_2021": 0.5810276679841897,
        "profit_loss_ratio_2020_2021": 0.8230001230097632,
        "sharpe_ratio_2020": 0.6486494176830578,
        "annual_return_2020_2021_0_5_bps": 0.0320195181573768,
        "annual_volatility_2020_2021_0_5_bps": 0.05327338773869343,
        "sharpe_ratio_2020_2021_0_5_bps": 0.6182441338535097,
        "downside_risk_2020_2021_0_5_bps": 0.03927628243628492,
        "sortino_ratio_2020_2021_0_5_bps": 0.838571204221793,
        "max_drawdown_2020_2021_0_5_bps": 0.051568402582016504,
        "calmar_ratio_2020_2021_0_5_bps": 0.6209135159161009,
        "perc_pos_return_2020_2021_0_5_bps": 0.5810276679841897,
        "profit_loss_ratio_2020_2021_0_5_bps": 0.8179679623723172,
        "sharpe_ratio_2020_0_5_bps": 0.6182441338535097,
        "annual_return_2020_2021_1_0_bps": 0.030351475205054212,
        "annual_volatility_2020_2021_1_0_bps": 0.053276849067690056,
        "sharpe_ratio_2020_2021_1_0_bps": 0.5878417220588642,
        "downside_risk_2020_2021_1_0_bps": 0.03931476012379263,
        "sortino_ratio_2020_2021_1_0_bps": 0.7966055141429634,
        "max_drawdown_2020_2021_1_0_bps": 0.05164700977371629,
        "calmar_ratio_2020_2021_1_0_bps": 0.5876714903347686,
        "perc_pos_return_2020_2021_1_0_bps": 0.5770750988142292,
        "profit_loss_ratio_2020_2021_1_0_bps": 0.8262502083510284,
        "sharpe_ratio_2020_1_0_bps": 0.5878417220588642,
        "annual_return_2020_2021_1_5_bps": 0.028686112764566563,
        "annual_volatility_2020_2021_1_5_bps": 0.053280398982613886,
        "sharpe_ratio_2020_2021_1_5_bps": 0.5574423335940724,
        "downside_risk_2020_2021_1_5_bps": 0.03935335724455021,
        "sortino_ratio_2020_2021_1_5_bps": 0.7547195975968374,
        "max_drawdown_2020_2021_1_5_bps": 0.05172561104968482,
        "calmar_ratio_2020_2021_1_5_bps": 0.5545823854456207,
        "perc_pos_return_2020_2021_1_5_bps": 0.5770750988142292,
        "profit_loss_ratio_2020_2021_1_5_bps": 0.8211849824649025,
        "sharpe_ratio_2020_1_5_bps": 0.5574423335940724,
        "annual_return_2020_2021_2_0_bps": 0.027023426553277385,
        "annual_volatility_2020_2021_2_0_bps": 0.05328403746575949,
        "sharpe_ratio_2020_2021_2_0_bps": 0.5270461196490276,
        "downside_risk_2020_2021_2_0_bps": 0.039392075253498526,
        "sortino_ratio_2020_2021_2_0_bps": 0.7129135747441434,
        "max_drawdown_2020_2021_2_0_bps": 0.051804206410323135,
        "calmar_ratio_2020_2021_2_0_bps": 0.5216454111705564,
        "perc_pos_return_2020_2021_2_0_bps": 0.5731225296442688,
        "profit_loss_ratio_2020_2021_2_0_bps": 0.8294532274719728,
        "sharpe_ratio_2020_2_0_bps": 0.5270461196490276,
        "annual_return_2020_2021_2_5_bps": 0.025363412295337895,
        "annual_volatility_2020_2021_2_5_bps": 0.05328776449898457,
        "sharpe_ratio_2020_2021_2_5_bps": 0.4966532313048464,