{
    "ALL": {
        "annual_return": 0.03149292879336725,
        "annual_volatility": 0.03883212610267825,
        "sharpe_ratio": 0.880747753550298,
        "downside_risk": 0.02693483626144575,
        "sortino_ratio": 1.293318803714047,
        "max_drawdown": 0.0402259544493335,
        "calmar_ratio": 1.0537387697818148,
        "perc_pos_return": 0.5251338045500573,
        "profit_loss_ratio": 1.0704535220883333,
        "annual_return_0_5_bps": 0.029930753038569503,
        "annual_volatility_0_5_bps": 0.03883392631987426,
        "sharpe_ratio_0_5_bps": 0.8260936449596064,
        "downside_risk_0_5_bps": 0.0269802374153325,
        "sortino_ratio_0_5_bps": 1.2075875083013112,
        "max_drawdown_0_5_bps": 0.040591156437525006,
        "calmar_ratio_0_5_bps": 0.981466657280619,
        "perc_pos_return_0_5_bps": 0.5221456302570553,
        "profit_loss_ratio_0_5_bps": 1.072838339721352,
        "annual_return_1_0_bps": 0.02837102829952125,
        "annual_volatility_1_0_bps": 0.03883578896129975,
        "sharpe_ratio_1_0_bps": 0.7714450537596838,
        "downside_risk_1_0_bps": 0.027025780683800755,
        "sortino_ratio_1_0_bps": 1.1224742699389385,
        "max_drawdown_1_0_bps": 0.040956172114053,
        "calmar_ratio_1_0_bps": 0.9114901015718121,
        "perc_pos_return_1_0_bps": 0.5211416141927983,
        "profit_loss_ratio_1_0_bps": 1.0667834959781755,
        "annual_return_1_5_bps": 0.02681375060488525,
        "annual_volatility_1_5_bps": 0.03883771401331675,
        "sharpe_ratio_1_5_bps": 0.7168024902319563,
        "downside_risk_1_5_bps": 0.027071465028179503,
        "sortino_ratio_1_5_bps": 1.0379743498413023,
        "max_drawdown_1_5_bps": 0.041321001586083005,
        "calmar_ratio_1_5_bps": 0.8436648848349455,
        "perc_pos_return_1_5_bps": 0.5191455346364778,
        "profit_loss_ratio_1_5_bps": 1.0650539281165035,
        "annual_return_2_0_bps": 0.025258915989930582,
        "annual_volatility_2_0_bps": 0.03883970146179975,
        "sharpe_ratio_2_0_bps": 0.6621664641419422,
        "downside_risk_2_0_bps": 0.02711729059987225,
        "sortino_ratio_2_0_bps": 0.9540827700605808,
        "max_drawdown_2_0_bps": 0.041711237565587256,
        "calmar_ratio_2_0_bps": 0.7778597685468963,
        "perc_pos_return_2_0_bps": 0.5161653917160958,
        "profit_loss_ratio_2_0_bps": 1.0676385769738006,
        "annual_return_2_5_bps": 0.023706520496532504,
        "annual_volatility_2_5_bps": 0.038841751292135504,
        "sharpe_ratio_2_5_bps": 0.6075374847094376,
        "downside_risk_2_5_bps": 0.027163258253664502,
        "sortino_ratio_2_5_bps": 0.8707945393555326,
        "max_drawdown_2_5_bps": 0.04211715373940851,
        "calmar_ratio_2_5_bps": 0.7139902852413348,
        "perc_pos_return_2_5_bps": 0.5141773122877773,
        "profit_loss_ratio_2_5_bps": 1.0660211020215893,
        "annual_return_3_0_bps": 0.02215656017315725,
        "annual_volatility_3_0_bps": 0.0388438634892225,
        "sharpe_ratio_3_0_bps": 0.5529160605787943,
        "downside_risk_3_0_bps": 0.027209368560765754,
        "sortino_ratio_3_0_bps": 0.788104785513444,
        "max_drawdown_3_0_bps": 0.04252282002377951,
        "calmar_ratio_3_0_bps": 0.6519541162621776,
        "perc_pos_return_3_0_bps": 0.5131812963515223,
        "profit_loss_ratio_3_0_bps": 1.0601813820642527,
        "annual_return_rescaled": 0.11897912054166387,
        "annual_volatility_rescaled": 0.15000000000000058,
        "downside_risk_rescaled": 0.10404337451248272,
        "max_drawdown_rescaled": 0.14643414323995158,
        "annual_return_rescaled_0_5_bps": 0.11237604985083471,
        "annual_volatility_rescaled_0_5_bps": 0.15000000000000152,
        "downside_risk_rescaled_0_5_bps": 0.10421391797894904,
        "max_drawdown_rescaled_0_5_bps": 0.1476771746159246,
        "annual_return_rescaled_1_0_bps": 0.10581384536680993,
        "annual_volatility_rescaled_1_0_bps": 0.15000000000000085,
        "downside_risk_rescaled_1_0_bps": 0.10438482675374205,
        "max_drawdown_rescaled_1_0_bps": 0.14892977189723192,
        "annual_return_rescaled_1_5_bps": 0.09929227483181188,
        "annual_volatility_rescaled_1_5_bps": 0.1500000000000013,
        "downside_risk_rescaled_1_5_bps": 0.10455609598532581,
        "max_drawdown_rescaled_1_5_bps": 0.1503048440471046,
        "annual_return_rescaled_2_0_bps": 0.09281110696128528,
        "annual_volatility_rescaled_2_0_bps": 0.15000000000000172,
        "downside_risk_rescaled_2_0_bps": 0.10472772541729053,
        "max_drawdown_rescaled_2_0_bps": 0.15167630667560902,
        "annual_return_rescaled_2_5_bps": 0.08637011144377973,
        "annual_volatility_rescaled_2_5_bps": 0.15000000000000052,
        "downside_risk_rescaled_2_5_bps": 0.10489971750770954,
        "max_drawdown_rescaled_2_5_bps": 0.1530441644376377,
        "annual_return_rescaled_3_0_bps": 0.07996905894077949,
        "annual_volatility_rescaled_3_0_bps": 0.15000000000000063,
        "downside_risk_rescaled_3_0_bps": 0.10507207361717114,
        "max_drawdown_rescaled_3_0_bps": 0.15440842201989147,
        "sharpe_ratio_years": 0.880747753550298,
        "sharpe_ratio_years_0_5_bps": 0.8260936449596064,
        "sharpe_ratio_years_1_0_bps": 0.7714450537596838,
        "sharpe_ratio_years_1_5_bps": 0.7168024902319563,
        "sharpe_ratio_years_2_0_bps": 0.6621664641419422,
        "sharpe_ratio_years_2_5_bps": 0.6075374847094376,
        "sharpe_ratio_years_3_0_bps": 0.5529160605787943,
        "sharpe_ratio_years_std": 0.7221216563990627,
        "sharpe_ratio_years_std_0_5_bps": 0.7187974955271046,
        "sharpe_ratio_years_std_1_0_bps": 0.7165839709632762,
        "sharpe_ratio_years_std_1_5_bps": 0.7154905453937344,
        "sharpe_ratio_years_std_2_0_bps": 0.7155214317441444,
        "sharpe_ratio_years_std_2_5_bps": 0.7166754875121323,
        "sharpe_ratio_years_std_3_0_bps": 0.718946233937534
    },
    "COMB": {
        "annual_return": 0.03149292879336725,
        "annual_volatility": 0.03883212610267825,
        "sharpe_ratio": 0.880747753550298,
        "downside_risk": 0.02693483626144575,
        "sortino_ratio": 1.293318803714047,
        "max_drawdown": 0.0402259544493335,
        "calmar_ratio": 1.0537387697818148,
        "perc_pos_return": 0.5251338045500573,
        "profit_loss_ratio": 1.0704535220883333,
        "annual_return_0_5_bps": 0.029930753038569503,
        "annual_volatility_0_5_bps": 0.03883392631987426,
        "sharpe_ratio_0_5_bps": 0.8260936449596064,
        "downside_risk_0_5_bps": 0.0269802374153325,
        "sortino_ratio_0_5_bps": 1.2075875083013112,
        "max_drawdown_0_5_bps": 0.040591156437525006,
        "calmar_ratio_0_5_bps": 0.981466657280619,
        "perc_pos_return_0_5_bps": 0.5221456302570553,
        "profit_loss_ratio_0_5_bps": 1.072838339721352,
        "annual_return_1_0_bps": 0.02837102829952125,
        "annual_volatility_1_0_bps": 0.03883578896129975,
        "sharpe_ratio_1_0_bps": 0.7714450537596838,
        "downside_risk_1_0_bps": 0.027025780683800755,
        "sortino_ratio_1_0_bps": 1.1224742699389385,
        "max_drawdown_1_0_bps": 0.040956172114053,
        "calmar_ratio_1_0_bps": 0.9114901015718121,
        "perc_pos_return_1_0_bps": 0.5211416141927983,
        "profit_loss_ratio_1_0_bps": 1.0667834959781755,
        "annual_return_1_5_bps": 0.02681375060488525,
        "annual_volatility_1_5_bps": 0.03883771401331675,
        "sharpe_ratio_1_5_bps": 0.7168024902319563,
        "downside_risk_1_5_bps": 0.027071465028179503,
        "sortino_ratio_1_5_bps": 1.0379743498413023,
        "max_drawdown_1_5_bps": 0.041321001586083005,
        "calmar_ratio_1_5_bps": 0.8436648848349455,
        "perc_pos_return_1_5_bps": 0.5191455346364778,
        "profit_loss_ratio_1_5_bps": 1.0650539281165035,