{
    "ALL": {
        "annual_return": 0.03961057556174025,
        "annual_volatility": 0.043162856300701755,
        "sharpe_ratio": 0.9053351697814603,
        "downside_risk": 0.029650264534597,
        "sortino_ratio": 1.3112580328044114,
        "max_drawdown": 0.037405218882468255,
        "calmar_ratio": 1.2947065768884267,
        "perc_pos_return": 0.5331701697213975,
        "profit_loss_ratio": 1.0338026083133434,
        "annual_return_0_5_bps": 0.0367197178546045,
        "annual_volatility_0_5_bps": 0.043166916660325,
        "sharpe_ratio_0_5_bps": 0.8424550889728663,
        "downside_risk_0_5_bps": 0.029737505491658753,
        "sortino_ratio_0_5_bps": 1.2144517318658374,
        "max_drawdown_0_5_bps": 0.037826840526196004,
        "calmar_ratio_0_5_bps": 1.179571542071371,
        "perc_pos_return_0_5_bps": 0.5301979004447802,
        "profit_loss_ratio_0_5_bps": 1.0347494343145414,
        "annual_return_1_0_bps": 0.033839621868235754,
        "annual_volatility_1_0_bps": 0.04317110257887251,
        "sharpe_ratio_1_0_bps": 0.7795925374010483,
        "downside_risk_1_0_bps": 0.029825134923687255,
        "sortino_ratio_1_0_bps": 1.118393129804858,
        "max_drawdown_1_0_bps": 0.038407731494247005,
        "calmar_ratio_1_0_bps": 1.0662023867205737,
        "perc_pos_return_1_0_bps": 0.5292058369527167,
        "profit_loss_ratio_1_0_bps": 1.0279633358130902,
        "annual_return_1_5_bps": 0.030970240835276254,
        "annual_volatility_1_5_bps": 0.043175413988998254,
        "sharpe_ratio_1_5_bps": 0.7167482505549353,
        "downside_risk_1_5_bps": 0.029913149231513003,
        "sortino_ratio_1_5_bps": 1.0230777630803596,
        "max_drawdown_1_5_bps": 0.039458099561138,
        "calmar_ratio_1_5_bps": 0.9090204990701068,
        "perc_pos_return_1_5_bps": 0.5272256311681632,
        "profit_loss_ratio_1_5_bps": 1.0248159418284986,
        "annual_return_2_0_bps": 0.02811152820622825,
        "annual_volatility_2_0_bps": 0.04317985082181375,
        "sharpe_ratio_2_0_bps": 0.6539229618227955,
        "downside_risk_2_0_bps": 0.030001548340123252,
        "sortino_ratio_2_0_bps": 0.928500890453394,
        "max_drawdown_2_0_bps": 0.040775533295551,
        "calmar_ratio_2_0_bps": 0.7559175077354546,
        "perc_pos_return_2_0_bps": 0.524253361891546,
        "profit_loss_ratio_2_0_bps": 1.0258478527851789,
        "annual_return_2_5_bps": 0.025263437648411755,
        "annual_volatility_2_5_bps": 0.043184413006894004,
        "sharpe_ratio_2_5_bps": 0.5911174024423245,
        "downside_risk_2_5_bps": 0.03009033337471525,
        "sortino_ratio_2_5_bps": 0.8346577122982377,
        "max_drawdown_2_5_bps": 0.042089710641017256,
        "calmar_ratio_2_5_bps": 0.629895374438822,
        "perc_pos_return_2_5_bps": 0.5222731561069925,
        "profit_loss_ratio_2_5_bps": 1.0227709276111054,
        "annual_return_3_0_bps": 0.022425923044913254,
        "annual_volatility_3_0_bps": 0.0431891004722825,
        "sharpe_ratio_3_0_bps": 0.5283323014512172,
        "downside_risk_3_0_bps": 0.030179506113405752,
        "sortino_ratio_3_0_bps": 0.7415434262870049,
        "max_drawdown_3_0_bps": 0.043503601341881755,
        "calmar_ratio_3_0_bps": 0.5230757878049518,
        "perc_pos_return_3_0_bps": 0.519281060614417,
        "profit_loss_ratio_3_0_bps": 1.0246863199933116,
        "annual_return_rescaled": 0.13742712385427186,
        "annual_volatility_rescaled": 0.15000000000000085,
        "downside_risk_rescaled": 0.10304090278931159,
        "max_drawdown_rescaled": 0.12573393417663958,
        "annual_return_rescaled_0_5_bps": 0.12629431442118366,
        "annual_volatility_rescaled_0_5_bps": 0.1500000000000012,
        "downside_risk_rescaled_0_5_bps": 0.10333436272154806,
        "max_drawdown_rescaled_0_5_bps": 0.12745943823774683,
        "annual_return_rescaled_1_0_bps": 0.11530839854084479,
        "annual_volatility_rescaled_1_0_bps": 0.15000000000000138,
        "downside_risk_rescaled_1_0_bps": 0.10362881583530711,
        "max_drawdown_rescaled_1_0_bps": 0.1293269106899925,
        "annual_return_rescaled_1_5_bps": 0.10446720096242007,
        "annual_volatility_rescaled_1_5_bps": 0.15000000000000152,
        "downside_risk_rescaled_1_5_bps": 0.10392424693067974,
        "max_drawdown_rescaled_1_5_bps": 0.13354433037698868,
        "annual_return_rescaled_2_0_bps": 0.0937685791958412,
        "annual_volatility_rescaled_2_0_bps": 0.15000000000000127,
        "downside_risk_rescaled_2_0_bps": 0.10422065304461664,
        "max_drawdown_rescaled_2_0_bps": 0.1377240413743008,
        "annual_return_rescaled_2_5_bps": 0.0832104230488015,
        "annual_volatility_rescaled_2_5_bps": 0.1500000000000001,
        "downside_risk_rescaled_2_5_bps": 0.10451803537278041,
        "max_drawdown_rescaled_2_5_bps": 0.14204793566499274,
        "annual_return_rescaled_3_0_bps": 0.07279065416927322,
        "annual_volatility_rescaled_3_0_bps": 0.15000000000000127,
        "downside_risk_rescaled_3_0_bps": 0.10481639736665048,
        "max_drawdown_rescaled_3_0_bps": 0.1467857283006672,
        "sharpe_ratio_years": 0.9053351697814603,
        "sharpe_ratio_years_0_5_bps": 0.8424550889728663,
        "sharpe_ratio_years_1_0_bps": 0.7795925374010483,
        "sharpe_ratio_years_1_5_bps": 0.7167482505549353,
        "sharpe_ratio_years_2_0_bps": 0.6539229618227955,
        "sharpe_ratio_years_2_5_bps": 0.5911174024423245,
        "sharpe_ratio_years_3_0_bps": 0.5283323014512172,
        "sharpe_ratio_years_std": 0.4794628220209622,
        "sharpe_ratio_years_std_0_5_bps": 0.4601186239588611,
        "sharpe_ratio_years_std_1_0_bps": 0.4428990854744397,
        "sharpe_ratio_years_std_1_5_bps": 0.42805384959762915,
        "sharpe_ratio_years_std_2_0_bps": 0.41582996597805855,
        "sharpe_ratio_years_std_2_5_bps": 0.4064562454627581,
        "sharpe_ratio_years_std_3_0_bps": 0.40012488449207334
    },
    "COMB": {
        "annual_return": 0.03961057556174025,
        "annual_volatility": 0.043162856300701755,
        "sharpe_ratio": 0.9053351697814603,
        "downside_risk": 0.029650264534597,
        "sortino_ratio": 1.3112580328044114,
        "max_drawdown": 0.037405218882468255,
        "calmar_ratio": 1.2947065768884267,
        "perc_pos_return": 0.5331701697213975,
        "profit_loss_ratio": 1.0338026083133434,
        "annual_return_0_5_bps": 0.0367197178546045,
        "annual_volatility_0_5_bps": 0.043166916660325,
        "sharpe_ratio_0_5_bps": 0.8424550889728663,
        "downside_risk_0_5_bps": 0.029737505491658753,
        "sortino_ratio_0_5_bps": 1.2144517318658374,
        "max_drawdown_0_5_bps": 0.037826840526196004,
        "calmar_ratio_0_5_bps": 1.179571542071371,
        "perc_pos_return_0_5_bps": 0.5301979004447802,
        "profit_loss_ratio_0_5_bps": 1.0347494343145414,
        "annual_return_1_0_bps": 0.033839621868235754,
        "annual_volatility_1_0_bps": 0.04317110257887251,
        "sharpe_ratio_1_0_bps": 0.7795925374010483,
        "downside_risk_1_0_bps": 0.029825134923687255,
        "sortino_ratio_1_0_bps": 1.118393129804858,
        "max_drawdown_1_0_bps": 0.038407731494247005,
        "calmar_ratio_1_0_bps": 1.0662023867205737,
        "perc_pos_return_1_0_bps": 0.5292058369527167,
        "profit_loss_ratio_1_0_bps": 1.0279633358130902,
        "annual_return_1_5_bps": 0.030970240835276254,
        "annual_volatility_1_5_bps": 0.043175413988998254,
        "sharpe_ratio_1_5_bps": 0.7167482505549353,
        "downside_risk_1_5_bps": 0.029913149231513003,
        "sortino_ratio_1_5_bps": 1.0230777630803596,
        "max_drawdown_1_5_bps": 0.039458099561138,
        "calmar_ratio_1_5_bps": 0.9090204990701068,
        "perc_pos_return_1_5_bps": 0.5272256311681632,
        "profit_loss_ratio_1_5_bps": 1.0248159418284986,