{
    "ALL": {
        "performance_sw": 1.9508333574709436,
        "performance_fw": 1.8444457171420023,
        "val_loss": 4.497323033259849,
        "annual_return_2021_2022": 0.03108367544018753,
        "annual_volatility_2021_2022": 0.015755238865210425,
        "sharpe_ratio_2021_2022": 1.950833357470943,
        "downside_risk_2021_2022": 0.01050176958037113,
        "sortino_ratio_2021_2022": 2.926730137997271,
        "max_drawdown_2021_2022": 0.011134202238782457,
        "calmar_ratio_2021_2022": 2.7917290142186766,
        "perc_pos_return_2021_2022": 0.5674603174603174,
        "profit_loss_ratio_2021_2022": 1.060037659096002,
        "sharpe_ratio_2021": 1.950833357470943,
        "annual_return_2021_2022_0_5_bps": 0.029904119674090346,
        "annual_volatility_2021_2022_0_5_bps": 0.01575598463653281,
        "sharpe_ratio_2021_2022_0_5_bps": 1.8780844903468337,
        "downside_risk_2021_2022_0_5_bps": 0.01053736004877384,
        "sortino_ratio_2021_2022_0_5_bps": 2.8082053037049413,
        "max_drawdown_2021_2022_0_5_bps": 0.011226381299993272,
        "calmar_ratio_2021_2022_0_5_bps": 2.6637363256233124,
        "perc_pos_return_2021_2022_0_5_bps": 0.5674603174603174,
        "profit_loss_ratio_2021_2022_0_5_bps": 1.0471794934520515,
        "sharpe_ratio_2021_0_5_bps": 1.8780844903468337,
        "annual_return_2021_2022_1_0_bps": 0.0287259073203181,
        "annual_volatility_2021_2022_1_0_bps": 0.01575677039759913,
        "sharpe_ratio_2021_2022_1_0_bps": 1.8053379278275028,
        "downside_risk_2021_2022_1_0_bps": 0.010573060833751504,
        "sortino_ratio_2021_2022_1_0_bps": 2.690450349821936,
        "max_drawdown_2021_2022_1_0_bps": 0.011318552418891015,
        "calmar_ratio_2021_2022_1_0_bps": 2.537948869890258,
        "perc_pos_return_2021_2022_1_0_bps": 0.5674603174603174,
        "profit_loss_ratio_2021_2022_1_0_bps": 1.0344787976820744,
        "sharpe_ratio_2021_1_0_bps": 1.8053379278275028,
        "annual_return_2021_2022_1_5_bps": 0.02754903685566279,
        "annual_volatility_2021_2022_1_5_bps": 0.015757596142427055,
        "sharpe_ratio_2021_2022_1_5_bps": 1.732594224076259,
        "downside_risk_2021_2022_1_5_bps": 0.010608871442319487,
        "sortino_ratio_2021_2022_1_5_bps": 2.5734612970035524,
        "max_drawdown_2021_2022_1_5_bps": 0.011410715596103538,
        "calmar_ratio_2021_2022_1_5_bps": 2.4143128118161203,
        "perc_pos_return_2021_2022_1_5_bps": 0.5634920634920635,
        "profit_loss_ratio_2021_2022_1_5_bps": 1.0385590079442117,
        "sharpe_ratio_2021_1_5_bps": 1.732594224076259,
        "annual_return_2021_2022_2_0_bps": 0.026373506758630816,
        "annual_volatility_2021_2022_2_0_bps": 0.01575846186473113,
        "sharpe_ratio_2021_2022_2_0_bps": 1.65985393302101,
        "downside_risk_2021_2022_2_0_bps": 0.010644795214480751,
        "sortino_ratio_2021_2022_2_0_bps": 2.4572332654134086,
        "max_drawdown_2021_2022_2_0_bps": 0.011502870832260148,
        "calmar_ratio_2021_2022_2_0_bps": 2.2927760507112294,
        "perc_pos_return_2021_2022_2_0_bps": 0.5555555555555556,
        "profit_loss_ratio_2021_2022_2_0_bps": 1.0594934629138333,
        "sharpe_ratio_2021_2_0_bps": 1.65985393302101,
        "annual_return_2021_2022_2_5_bps": 0.025199315509455644,
        "annual_volatility_2021_2022_2_5_bps": 0.015759367557923003,
        "sharpe_ratio_2021_2022_2_5_bps": 1.5871176083332688,
        "downside_risk_2021_2022_2_5_bps": 0.010680836544775313,
        "sortino_ratio_2021_2022_2_5_bps": 2.3417613070401897,
        "max_drawdown_2021_2022_2_5_bps": 0.011595018127988787,
        "calmar_ratio_2021_2022_2_5_bps": 2.1732881511093067,
        "perc_pos_return_2021_2022_2_5_bps": 0.5515873015873016,
        "profit_loss_ratio_2021_2022_2_5_bps": 1.0635187225409863,
        "sharpe_ratio_2021_2_5_bps": 1.5871176083332688,
        "annual_return_2021_2022_3_0_bps": 0.02402646159007693,
        "annual_volatility_2021_2022_3_0_bps": 0.015760313215111687,
        "sharpe_ratio_2021_2022_3_0_bps": 1.514385803407184,
        "downside_risk_2021_2022_3_0_bps": 0.010716998979788447,
        "sortino_ratio_2021_2022_3_0_bps": 2.2270408567946793,
        "max_drawdown_2021_2022_3_0_bps": 0.011687157483919443,
        "calmar_ratio_2021_2022_3_0_bps": 2.055800276768354,
        "perc_pos_return_2021_2022_3_0_bps": 0.5515873015873016,
        "profit_loss_ratio_2021_2022_3_0_bps": 1.0505505054487758,
        "sharpe_ratio_2021_3_0_bps": 1.514385803407184
    },
    "COMB": {
        "annual_return_2021_2022": 0.03108367544018753,
        "annual_volatility_2021_2022": 0.015755238865210425,
        "sharpe_ratio_2021_2022": 1.950833357470943,
        "downside_risk_2021_2022": 0.01050176958037113,
        "sortino_ratio_2021_2022": 2.926730137997271,
        "max_drawdown_2021_2022": 0.011134202238782457,
        "calmar_ratio_2021_2022": 2.7917290142186766,
        "perc_pos_return_2021_2022": 0.5674603174603174,
        "profit_loss_ratio_2021_2022": 1.060037659096002,
        "sharpe_ratio_2021": 1.950833357470943,
        "annual_return_2021_2022_0_5_bps": 0.029904119674090346,
        "annual_volatility_2021_2022_0_5_bps": 0.01575598463653281,
        "sharpe_ratio_2021_2022_0_5_bps": 1.8780844903468337,
        "downside_risk_2021_2022_0_5_bps": 0.01053736004877384,
        "sortino_ratio_2021_2022_0_5_bps": 2.8082053037049413,
        "max_drawdown_2021_2022_0_5_bps": 0.011226381299993272,
        "calmar_ratio_2021_2022_0_5_bps": 2.6637363256233124,
        "perc_pos_return_2021_2022_0_5_bps": 0.5674603174603174,
        "profit_loss_ratio_2021_2022_0_5_bps": 1.0471794934520515,
        "sharpe_ratio_2021_0_5_bps": 1.8780844903468337,
        "annual_return_2021_2022_1_0_bps": 0.0287259073203181,
        "annual_volatility_2021_2022_1_0_bps": 0.01575677039759913,
        "sharpe_ratio_2021_2022_1_0_bps": 1.8053379278275028,
        "downside_risk_2021_2022_1_0_bps": 0.010573060833751504,
        "sortino_ratio_2021_2022_1_0_bps": 2.690450349821936,
        "max_drawdown_2021_2022_1_0_bps": 0.011318552418891015,
        "calmar_ratio_2021_2022_1_0_bps": 2.537948869890258,
        "perc_pos_return_2021_2022_1_0_bps": 0.5674603174603174,
        "profit_loss_ratio_2021_2022_1_0_bps": 1.0344787976820744,
        "sharpe_ratio_2021_1_0_bps": 1.8053379278275028,
        "annual_return_2021_2022_1_5_bps": 0.02754903685566279,
        "annual_volatility_2021_2022_1_5_bps": 0.015757596142427055,
        "sharpe_ratio_2021_2022_1_5_bps": 1.732594224076259,
        "downside_risk_2021_2022_1_5_bps": 0.010608871442319487,
        "sortino_ratio_2021_2022_1_5_bps": 2.5734612970035524,
        "max_drawdown_2021_2022_1_5_bps": 0.011410715596103538,
        "calmar_ratio_2021_2022_1_5_bps": 2.4143128118161203,
        "perc_pos_return_2021_2022_1_5_bps": 0.5634920634920635,
        "profit_loss_ratio_2021_2022_1_5_bps": 1.0385590079442117,
        "sharpe_ratio_2021_1_5_bps": 1.732594224076259,
        "annual_return_2021_2022_2_0_bps": 0.026373506758630816,
        "annual_volatility_2021_2022_2_0_bps": 0.01575846186473113,
        "sharpe_ratio_2021_2022_2_0_bps": 1.65985393302101,
        "downside_risk_2021_2022_2_0_bps": 0.010644795214480751,
        "sortino_ratio_2021_2022_2_0_bps": 2.4572332654134086,
        "max_drawdown_2021_2022_2_0_bps": 0.011502870832260148,
        "calmar_ratio_2021_2022_2_0_bps": 2.2927760507112294,
        "perc_pos_return_2021_2022_2_0_bps": 0.5555555555555556,
        "profit_loss_ratio_2021_2022_2_0_bps": 1.0594934629138333,
        "sharpe_ratio_2021_2_0_bps": 1.65985393302101,
        "annual_return_2021_2022_2_5_bps": 0.025199315509455644,
        "annual_volatility_2021_2022_2_5_bps": 0.015759367557923003,
        "sharpe_ratio_2021_2022_2_5_bps": 1.5871176083332688,