{
    "ALL": {
        "performance_sw": 0.7923219544465897,
        "performance_fw": 0.6615024428391566,
        "val_loss": 0.891418883891239,
        "annual_return_2023_2024": 0.021637832686914438,
        "annual_volatility_2023_2024": 0.027494274839194543,
        "sharpe_ratio_2023_2024": 0.7923219544465898,
        "downside_risk_2023_2024": 0.01837382947090196,
        "sortino_ratio_2023_2024": 1.1856166190712414,
        "max_drawdown_2023_2024": 0.01629575424945354,
        "calmar_ratio_2023_2024": 1.3278202626085895,
        "perc_pos_return_2023_2024": 0.5140562248995983,
        "profit_loss_ratio_2023_2024": 1.0830528970547078,
        "sharpe_ratio_2023": 0.7923219544465898,
        "annual_return_2023_2024_0_5_bps": 0.01850938912617628,
        "annual_volatility_2023_2024_0_5_bps": 0.027502539041404542,
        "sharpe_ratio_2023_2024_0_5_bps": 0.6805707485175028,
        "downside_risk_2023_2024_0_5_bps": 0.018479853742984054,
        "sortino_ratio_2023_2024_0_5_bps": 1.0128556124880954,
        "max_drawdown_2023_2024_0_5_bps": 0.017409119729072553,
        "calmar_ratio_2023_2024_0_5_bps": 1.0632007484712922,
        "perc_pos_return_2023_2024_0_5_bps": 0.5140562248995983,
        "profit_loss_ratio_2023_2024_0_5_bps": 1.0624530988580783,
        "sharpe_ratio_2023_0_5_bps": 0.6805707485175028,
        "annual_return_2023_2024_1_0_bps": 0.015390480260742967,
        "annual_volatility_2023_2024_1_0_bps": 0.02751106194083941,
        "sharpe_ratio_2023_2024_1_0_bps": 0.5688813328999847,
        "downside_risk_2023_2024_1_0_bps": 0.018586549065573978,
        "sortino_ratio_2023_2024_1_0_bps": 0.8420352552366315,
        "max_drawdown_2023_2024_1_0_bps": 0.018521245723917865,
        "calmar_ratio_2023_2024_1_0_bps": 0.8309635588316877,
        "perc_pos_return_2023_2024_1_0_bps": 0.5140562248995983,
        "profit_loss_ratio_2023_2024_1_0_bps": 1.0422696107770586,
        "sharpe_ratio_2023_1_0_bps": 0.5688813328999847,
        "annual_return_2023_2024_1_5_bps": 0.012281077168788901,
        "annual_volatility_2023_2024_1_5_bps": 0.027519843297143444,
        "sharpe_ratio_2023_2024_1_5_bps": 0.4572568039500121,
        "downside_risk_2023_2024_1_5_bps": 0.01869390394862739,
        "sortino_ratio_2023_2024_1_5_bps": 0.6731411280296503,
        "max_drawdown_2023_2024_1_5_bps": 0.01963213359097204,
        "calmar_ratio_2023_2024_1_5_bps": 0.6255599836808583,
        "perc_pos_return_2023_2024_1_5_bps": 0.5140562248995983,
        "profit_loss_ratio_2023_2024_1_5_bps": 1.0224899389750197,
        "sharpe_ratio_2023_1_5_bps": 0.4572568039500121,
        "annual_return_2023_2024_2_0_bps": 0.009181151015790867,
        "annual_volatility_2023_2024_2_0_bps": 0.027528882862983477,
        "sharpe_ratio_2023_2024_2_0_bps": 0.3457002466639065,
        "downside_risk_2023_2024_2_0_bps": 0.018801908111621114,
        "sortino_ratio_2023_2024_2_0_bps": 0.5061582866811827,
        "max_drawdown_2023_2024_2_0_bps": 0.020741784685756506,
        "calmar_ratio_2023_2024_2_0_bps": 0.4426403588161636,
        "perc_pos_return_2023_2024_2_0_bps": 0.5060240963855421,
        "profit_loss_ratio_2023_2024_2_0_bps": 1.0358647293894858,
        "sharpe_ratio_2023_2_0_bps": 0.3457002466639065,
        "annual_return_2023_2024_2_5_bps": 0.006090673054281126,
        "annual_volatility_2023_2024_2_5_bps": 0.027538180384083236,
        "sharpe_ratio_2023_2024_2_5_bps": 0.23421473427130796,
        "downside_risk_2023_2024_2_5_bps": 0.018910561497546823,
        "sortino_ratio_2023_2024_2_5_bps": 0.3410711840476079,
        "max_drawdown_2023_2024_2_5_bps": 0.0229593525551614,
        "calmar_ratio_2023_2024_2_5_bps": 0.2652806972517135,
        "perc_pos_return_2023_2024_2_5_bps": 0.5060240963855421,
        "profit_loss_ratio_2023_2024_2_5_bps": 1.0162316214616374,
        "sharpe_ratio_2023_2_5_bps": 0.23421473427130796,
        "annual_return_2023_2024_3_0_bps": 0.0030096146235769616,
        "annual_volatility_2023_2024_3_0_bps": 0.027547735599258508,
        "sharpe_ratio_2023_2024_3_0_bps": 0.12280332783224016,
        "downside_risk_2023_2024_3_0_bps": 0.019019857003336926,
        "sortino_ratio_2023_2024_3_0_bps": 0.1778643028303575,
        "max_drawdown_2023_2024_3_0_bps": 0.025427608794940153,
        "calmar_ratio_2023_2024_3_0_bps": 0.11836011194949034,
        "perc_pos_return_2023_2024_3_0_bps": 0.5020080321285141,
        "profit_loss_ratio_2023_2024_3_0_bps": 1.0131307455531815,
        "sharpe_ratio_2023_3_0_bps": 0.12280332783224016
    },
    "COMB": {
        "annual_return_2023_2024": 0.021637832686914438,
        "annual_volatility_2023_2024": 0.027494274839194543,
        "sharpe_ratio_2023_2024": 0.7923219544465898,
        "downside_risk_2023_2024": 0.01837382947090196,
        "sortino_ratio_2023_2024": 1.1856166190712414,
        "max_drawdown_2023_2024": 0.01629575424945354,
        "calmar_ratio_2023_2024": 1.3278202626085895,
        "perc_pos_return_2023_2024": 0.5140562248995983,
        "profit_loss_ratio_2023_2024": 1.0830528970547078,
        "sharpe_ratio_2023": 0.7923219544465898,
        "annual_return_2023_2024_0_5_bps": 0.01850938912617628,
        "annual_volatility_2023_2024_0_5_bps": 0.027502539041404542,
        "sharpe_ratio_2023_2024_0_5_bps": 0.6805707485175028,
        "downside_risk_2023_2024_0_5_bps": 0.018479853742984054,
        "sortino_ratio_2023_2024_0_5_bps": 1.0128556124880954,
        "max_drawdown_2023_2024_0_5_bps": 0.017409119729072553,
        "calmar_ratio_2023_2024_0_5_bps": 1.0632007484712922,
        "perc_pos_return_2023_2024_0_5_bps": 0.5140562248995983,
        "profit_loss_ratio_2023_2024_0_5_bps": 1.0624530988580783,
        "sharpe_ratio_2023_0_5_bps": 0.6805707485175028,
        "annual_return_2023_2024_1_0_bps": 0.015390480260742967,
        "annual_volatility_2023_2024_1_0_bps": 0.02751106194083941,
        "sharpe_ratio_2023_2024_1_0_bps": 0.5688813328999847,
        "downside_risk_2023_2024_1_0_bps": 0.018586549065573978,
        "sortino_ratio_2023_2024_1_0_bps": 0.8420352552366315,
        "max_drawdown_2023_2024_1_0_bps": 0.018521245723917865,
        "calmar_ratio_2023_2024_1_0_bps": 0.8309635588316877,
        "perc_pos_return_2023_2024_1_0_bps": 0.5140562248995983,
        "profit_loss_ratio_2023_2024_1_0_bps": 1.0422696107770586,
        "sharpe_ratio_2023_1_0_bps": 0.5688813328999847,
        "annual_return_2023_2024_1_5_bps": 0.012281077168788901,
        "annual_volatility_2023_2024_1_5_bps": 0.027519843297143444,
        "sharpe_ratio_2023_2024_1_5_bps": 0.4572568039500121,
        "downside_risk_2023_2024_1_5_bps": 0.01869390394862739,
        "sortino_ratio_2023_2024_1_5_bps": 0.6731411280296503,
        "max_drawdown_2023_2024_1_5_bps": 0.01963213359097204,
        "calmar_ratio_2023_2024_1_5_bps": 0.6255599836808583,
        "perc_pos_return_2023_2024_1_5_bps": 0.5140562248995983,
        "profit_loss_ratio_2023_2024_1_5_bps": 1.0224899389750197,
        "sharpe_ratio_2023_1_5_bps": 0.4572568039500121,
        "annual_return_2023_2024_2_0_bps": 0.009181151015790867,
        "annual_volatility_2023_2024_2_0_bps": 0.027528882862983477,
        "sharpe_ratio_2023_2024_2_0_bps": 0.3457002466639065,
        "downside_risk_2023_2024_2_0_bps": 0.018801908111621114,
        "sortino_ratio_2023_2024_2_0_bps": 0.5061582866811827,
        "max_drawdown_2023_2024_2_0_bps": 0.020741784685756506,
        "calmar_ratio_2023_2024_2_0_bps": 0.4426403588161636,
        "perc_pos_return_2023_2024_2_0_bps": 0.5060240963855421,
        "profit_loss_ratio_2023_2024_2_0_bps": 1.0358647293894858,
        "sharpe_ratio_2023_2_0_bps": 0.3457002466639065,
        "annual_return_2023_2024_2_5_bps": 0.006090673054281126,
        "annual_volatility_2023_2024_2_5_bps": 0.027538180384083236,
        "sharpe_ratio_2023_2024_2_5_bps": 0.23421473427130796,