{
    "ALL": {
        "performance_sw": 0.9778271551889522,
        "performance_fw": 1.1080961915482181,
        "val_loss": 4.9530337052852245,
        "annual_return_2020_2021": 0.07882249672057795,
        "annual_volatility_2020_2021": 0.08095394186099172,
        "sharpe_ratio_2020_2021": 0.9778271551889522,
        "downside_risk_2020_2021": 0.05965537353304389,
        "sortino_ratio_2020_2021": 1.326937675235881,
        "max_drawdown_2020_2021": 0.1016083250158166,
        "calmar_ratio_2020_2021": 0.7757484114447143,
        "perc_pos_return_2020_2021": 0.5928853754940712,
        "profit_loss_ratio_2020_2021": 0.8477041561064566,
        "sharpe_ratio_2020": 0.9778271551889522,
        "annual_return_2020_2021_0_5_bps": 0.07686396425301312,
        "annual_volatility_2020_2021_0_5_bps": 0.08095907182100674,
        "sharpe_ratio_2020_2021_0_5_bps": 0.955319366236306,
        "downside_risk_2020_2021_0_5_bps": 0.059697344048656176,
        "sortino_ratio_2020_2021_0_5_bps": 1.2955646589584706,
        "max_drawdown_2020_2021_0_5_bps": 0.10175529959056534,
        "calmar_ratio_2020_2021_0_5_bps": 0.7553804525394948,
        "perc_pos_return_2020_2021_0_5_bps": 0.5889328063241107,
        "profit_loss_ratio_2020_2021_0_5_bps": 0.8575390938224211,
        "sharpe_ratio_2020_0_5_bps": 0.955319366236306,
        "annual_return_2020_2021_1_0_bps": 0.07490896710266237,
        "annual_volatility_2020_2021_1_0_bps": 0.08096427279627687,
        "sharpe_ratio_2020_2021_1_0_bps": 0.9328136113198691,
        "downside_risk_2020_2021_1_0_bps": 0.05973943068252946,
        "sortino_ratio_2020_2021_1_0_bps": 1.2642332682468782,
        "max_drawdown_2020_2021_1_0_bps": 0.10190225208320766,
        "calmar_ratio_2020_2021_1_0_bps": 0.7351060999269762,
        "perc_pos_return_2020_2021_1_0_bps": 0.5849802371541502,
        "profit_loss_ratio_2020_2021_1_0_bps": 0.8674456086583053,
        "sharpe_ratio_2020_1_0_bps": 0.9328136113198691,
        "annual_return_2020_2021_1_5_bps": 0.07295749892447123,
        "annual_volatility_2020_2021_1_5_bps": 0.0809695447731174,
        "sharpe_ratio_2020_2021_1_5_bps": 0.9103099494183138,
        "downside_risk_2020_2021_1_5_bps": 0.05978163340136149,
        "sortino_ratio_2020_2021_1_5_bps": 1.2329435984457684,
        "max_drawdown_2020_2021_1_5_bps": 0.10204918249677303,
        "calmar_ratio_2020_2021_1_5_bps": 0.7149248738644063,
        "perc_pos_return_2020_2021_1_5_bps": 0.5849802371541502,
        "profit_loss_ratio_2020_2021_1_5_bps": 0.8632751642081072,
        "sharpe_ratio_2020_1_5_bps": 0.9103099494183138,
        "annual_return_2020_2021_2_0_bps": 0.07100955338470549,
        "annual_volatility_2020_2021_2_0_bps": 0.08097488773766037,
        "sharpe_ratio_2020_2021_2_0_bps": 0.8878084394708404,
        "downside_risk_2020_2021_2_0_bps": 0.05982395219017042,
        "sortino_ratio_2020_2021_2_0_bps": 1.2016957437076667,
        "max_drawdown_2020_2021_2_0_bps": 0.10219609083429061,
        "calmar_ratio_2020_2021_2_0_bps": 0.6948362976020912,
        "perc_pos_return_2020_2021_2_0_bps": 0.5770750988142292,
        "profit_loss_ratio_2020_2021_2_0_bps": 0.8874793387820539,
        "sharpe_ratio_2020_2_0_bps": 0.8878084394708404,
        "annual_return_2020_2021_2_5_bps": 0.06906512416092547,
        "annual_volatility_2020_2021_2_5_bps": 0.0809803016758548,
        "sharpe_ratio_2020_2021_2_5_bps": 0.8653091403764203,
        "downside_risk_2020_2021_2_5_bps": 0.059866387149854663,
        "sortino_ratio_2020_2021_2_5_bps": 1.1704897951358537,
        "max_drawdown_2020_2021_2_5_bps": 0.1023429770987891,
        "calmar_ratio_2020_2021_2_5_bps": 0.6748398973606039,
        "perc_pos_return_2020_2021_2_5_bps": 0.5770750988142292,
        "profit_loss_ratio_2020_2021_2_5_bps": 0.8832089086652968,
        "sharpe_ratio_2020_2_5_bps": 0.8653091403764203,
        "annual_return_2020_2021_3_0_bps": 0.06712420494198335,
        "annual_volatility_2020_2021_3_0_bps": 0.08098578657346679,
        "sharpe_ratio_2020_2021_3_0_bps": 0.842812110993041,
        "downside_risk_2020_2021_3_0_bps": 0.059908938053606885,
        "sortino_ratio_2020_2021_3_0_bps": 1.1393258495308283,
        "max_drawdown_2020_2021_3_0_bps": 0.10248984129329608,
        "calmar_ratio_2020_2021_3_0_bps": 0.6549352023084261,
        "perc_pos_return_2020_2021_3_0_bps": 0.5770750988142292,
        "profit_loss_ratio_2020_2021_3_0_bps": 0.8789589736820034,
        "sharpe_ratio_2020_3_0_bps": 0.842812110993041
    },
    "COMB": {
        "annual_return_2020_2021": 0.07882249672057795,
        "annual_volatility_2020_2021": 0.08095394186099172,
        "sharpe_ratio_2020_2021": 0.9778271551889522,
        "downside_risk_2020_2021": 0.05965537353304389,
        "sortino_ratio_2020_2021": 1.326937675235881,
        "max_drawdown_2020_2021": 0.1016083250158166,
        "calmar_ratio_2020_2021": 0.7757484114447143,
        "perc_pos_return_2020_2021": 0.5928853754940712,
        "profit_loss_ratio_2020_2021": 0.8477041561064566,
        "sharpe_ratio_2020": 0.9778271551889522,
        "annual_return_2020_2021_0_5_bps": 0.07686396425301312,
        "annual_volatility_2020_2021_0_5_bps": 0.08095907182100674,
        "sharpe_ratio_2020_2021_0_5_bps": 0.955319366236306,
        "downside_risk_2020_2021_0_5_bps": 0.059697344048656176,
        "sortino_ratio_2020_2021_0_5_bps": 1.2955646589584706,
        "max_drawdown_2020_2021_0_5_bps": 0.10175529959056534,
        "calmar_ratio_2020_2021_0_5_bps": 0.7553804525394948,
        "perc_pos_return_2020_2021_0_5_bps": 0.5889328063241107,
        "profit_loss_ratio_2020_2021_0_5_bps": 0.8575390938224211,
        "sharpe_ratio_2020_0_5_bps": 0.955319366236306,
        "annual_return_2020_2021_1_0_bps": 0.07490896710266237,
        "annual_volatility_2020_2021_1_0_bps": 0.08096427279627687,
        "sharpe_ratio_2020_2021_1_0_bps": 0.9328136113198691,
        "downside_risk_2020_2021_1_0_bps": 0.05973943068252946,
        "sortino_ratio_2020_2021_1_0_bps": 1.2642332682468782,
        "max_drawdown_2020_2021_1_0_bps": 0.10190225208320766,
        "calmar_ratio_2020_2021_1_0_bps": 0.7351060999269762,
        "perc_pos_return_2020_2021_1_0_bps": 0.5849802371541502,
        "profit_loss_ratio_2020_2021_1_0_bps": 0.8674456086583053,
        "sharpe_ratio_2020_1_0_bps": 0.9328136113198691,
        "annual_return_2020_2021_1_5_bps": 0.07295749892447123,
        "annual_volatility_2020_2021_1_5_bps": 0.0809695447731174,
        "sharpe_ratio_2020_2021_1_5_bps": 0.9103099494183138,
        "downside_risk_2020_2021_1_5_bps": 0.05978163340136149,
        "sortino_ratio_2020_2021_1_5_bps": 1.2329435984457684,
        "max_drawdown_2020_2021_1_5_bps": 0.10204918249677303,
        "calmar_ratio_2020_2021_1_5_bps": 0.7149248738644063,
        "perc_pos_return_2020_2021_1_5_bps": 0.5849802371541502,
        "profit_loss_ratio_2020_2021_1_5_bps": 0.8632751642081072,
        "sharpe_ratio_2020_1_5_bps": 0.9103099494183138,
        "annual_return_2020_2021_2_0_bps": 0.07100955338470549,
        "annual_volatility_2020_2021_2_0_bps": 0.08097488773766037,
        "sharpe_ratio_2020_2021_2_0_bps": 0.8878084394708404,
        "downside_risk_2020_2021_2_0_bps": 0.05982395219017042,
        "sortino_ratio_2020_2021_2_0_bps": 1.2016957437076667,
        "max_drawdown_2020_2021_2_0_bps": 0.10219609083429061,
        "calmar_ratio_2020_2021_2_0_bps": 0.6948362976020912,
        "perc_pos_return_2020_2021_2_0_bps": 0.5770750988142292,
        "profit_loss_ratio_2020_2021_2_0_bps": 0.8874793387820539,
        "sharpe_ratio_2020_2_0_bps": 0.8878084394708404,
        "annual_return_2020_2021_2_5_bps": 0.06906512416092547,
        "annual_volatility_2020_2021_2_5_bps": 0.0809803016758548,
        "sharpe_ratio_2020_2021_2_5_bps": 0.8653091403764203,