{
    "ALL": {
        "performance_sw": 1.425403574921054,
        "performance_fw": 1.2756649904250714,
        "val_loss": 2.40712037847006,
        "annual_return_2021_2022": 0.074644729245253,
        "annual_volatility_2021_2022": 0.051437073175759136,
        "sharpe_ratio_2021_2022": 1.4254035749210539,
        "downside_risk_2021_2022": 0.03538253404650971,
        "sortino_ratio_2021_2022": 2.0721689376975356,
        "max_drawdown_2021_2022": 0.027987710864624853,
        "calmar_ratio_2021_2022": 2.6670537510661663,
        "perc_pos_return_2021_2022": 0.5714285714285714,
        "profit_loss_ratio_2021_2022": 0.948674705849675,
        "sharpe_ratio_2021": 1.4254035749210539,
        "annual_return_2021_2022_0_5_bps": 0.0726966828070208,
        "annual_volatility_2021_2022_0_5_bps": 0.05143848205775741,
        "sharpe_ratio_2021_2022_0_5_bps": 1.3900833513049253,
        "downside_risk_2021_2022_0_5_bps": 0.03543990882525872,
        "sortino_ratio_2021_2022_0_5_bps": 2.017606136557652,
        "max_drawdown_2021_2022_0_5_bps": 0.028067811240847663,
        "calmar_ratio_2021_2022_0_5_bps": 2.5900374697270236,
        "perc_pos_return_2021_2022_0_5_bps": 0.5674603174603174,
        "profit_loss_ratio_2021_2022_0_5_bps": 0.9586004512989608,
        "sharpe_ratio_2021_0_5_bps": 1.3900833513049253,
        "annual_return_2021_2022_1_0_bps": 0.07075215117254241,
        "annual_volatility_2021_2022_1_0_bps": 0.05143993650079232,
        "sharpe_ratio_2021_2022_1_0_bps": 1.3547638625194462,
        "downside_risk_2021_2022_1_0_bps": 0.03549737881175232,
        "sortino_ratio_2021_2022_1_0_bps": 1.9632144511610001,
        "max_drawdown_2021_2022_1_0_bps": 0.028147905748343523,
        "calmar_ratio_2021_2022_1_0_bps": 2.51358491125778,
        "perc_pos_return_2021_2022_1_0_bps": 0.5674603174603174,
        "profit_loss_ratio_2021_2022_1_0_bps": 0.9530751567450769,
        "sharpe_ratio_2021_1_0_bps": 1.3547638625194462,
        "annual_return_2021_2022_1_5_bps": 0.06881112802987666,
        "annual_volatility_2021_2022_1_5_bps": 0.051441436500999346,
        "sharpe_ratio_2021_2022_1_5_bps": 1.319445202447498,
        "downside_risk_2021_2022_1_5_bps": 0.035554943773296876,
        "sortino_ratio_2021_2022_1_5_bps": 1.9089935011858261,
        "max_drawdown_2021_2022_1_5_bps": 0.028227994387492013,
        "calmar_ratio_2021_2022_1_5_bps": 2.437691005789886,
        "perc_pos_return_2021_2022_1_5_bps": 0.5674603174603174,
        "profit_loss_ratio_2021_2022_1_5_bps": 0.9475810404917652,
        "sharpe_ratio_2021_1_5_bps": 1.319445202447498,
        "annual_return_2021_2022_2_0_bps": 0.06687360707834533,
        "annual_volatility_2021_2022_2_0_bps": 0.05144298205439333,
        "sharpe_ratio_2021_2022_2_0_bps": 1.2841274649491738,
        "downside_risk_2021_2022_2_0_bps": 0.03561260324933338,
        "sortino_ratio_2021_2022_2_0_bps": 1.8549429164847837,
        "max_drawdown_2021_2022_2_0_bps": 0.02846066286880917,
        "calmar_ratio_2021_2022_2_0_bps": 2.349685507558363,
        "perc_pos_return_2021_2022_2_0_bps": 0.5674603174603174,
        "profit_loss_ratio_2021_2022_2_0_bps": 0.9421178393807074,
        "sharpe_ratio_2021_2_0_bps": 1.2841274649491738,
        "annual_return_2021_2022_2_5_bps": 0.06493958202854277,
        "annual_volatility_2021_2022_2_5_bps": 0.05144457315686859,
        "sharpe_ratio_2021_2022_2_5_bps": 1.2488107438605338,
        "downside_risk_2021_2022_2_5_bps": 0.035670356781526975,
        "sortino_ratio_2021_2022_2_5_bps": 1.801062323685189,
        "max_drawdown_2021_2022_2_5_bps": 0.029531437640735046,
        "calmar_ratio_2021_2022_2_5_bps": 2.1989983291218604,
        "perc_pos_return_2021_2022_2_5_bps": 0.5674603174603174,
        "profit_loss_ratio_2021_2022_2_5_bps": 0.9366852932068355,
        "sharpe_ratio_2021_2_5_bps": 1.2488107438605338,
        "annual_return_2021_2022_3_0_bps": 0.063009046602307,
        "annual_volatility_2021_2022_3_0_bps": 0.051446209804198985,
        "sharpe_ratio_2021_2022_3_0_bps": 1.2134951329923636,
        "downside_risk_2021_2022_3_0_bps": 0.03572820397386396,
        "sortino_ratio_2021_2022_3_0_bps": 1.7473513433244034,
        "max_drawdown_2021_2022_3_0_bps": 0.030601041665272093,
        "calmar_ratio_2021_2022_3_0_bps": 2.059049077202279,
        "perc_pos_return_2021_2022_3_0_bps": 0.5634920634920635,
        "profit_loss_ratio_2021_2022_3_0_bps": 0.9464442621795002,
        "sharpe_ratio_2021_3_0_bps": 1.2134951329923636
    },
    "COMB": {
        "annual_return_2021_2022": 0.074644729245253,
        "annual_volatility_2021_2022": 0.051437073175759136,
        "sharpe_ratio_2021_2022": 1.4254035749210539,
        "downside_risk_2021_2022": 0.03538253404650971,
        "sortino_ratio_2021_2022": 2.0721689376975356,
        "max_drawdown_2021_2022": 0.027987710864624853,
        "calmar_ratio_2021_2022": 2.6670537510661663,
        "perc_pos_return_2021_2022": 0.5714285714285714,
        "profit_loss_ratio_2021_2022": 0.948674705849675,
        "sharpe_ratio_2021": 1.4254035749210539,
        "annual_return_2021_2022_0_5_bps": 0.0726966828070208,
        "annual_volatility_2021_2022_0_5_bps": 0.05143848205775741,
        "sharpe_ratio_2021_2022_0_5_bps": 1.3900833513049253,
        "downside_risk_2021_2022_0_5_bps": 0.03543990882525872,
        "sortino_ratio_2021_2022_0_5_bps": 2.017606136557652,
        "max_drawdown_2021_2022_0_5_bps": 0.028067811240847663,
        "calmar_ratio_2021_2022_0_5_bps": 2.5900374697270236,
        "perc_pos_return_2021_2022_0_5_bps": 0.5674603174603174,
        "profit_loss_ratio_2021_2022_0_5_bps": 0.9586004512989608,
        "sharpe_ratio_2021_0_5_bps": 1.3900833513049253,
        "annual_return_2021_2022_1_0_bps": 0.07075215117254241,
        "annual_volatility_2021_2022_1_0_bps": 0.05143993650079232,
        "sharpe_ratio_2021_2022_1_0_bps": 1.3547638625194462,
        "downside_risk_2021_2022_1_0_bps": 0.03549737881175232,
        "sortino_ratio_2021_2022_1_0_bps": 1.9632144511610001,
        "max_drawdown_2021_2022_1_0_bps": 0.028147905748343523,
        "calmar_ratio_2021_2022_1_0_bps": 2.51358491125778,
        "perc_pos_return_2021_2022_1_0_bps": 0.5674603174603174,
        "profit_loss_ratio_2021_2022_1_0_bps": 0.9530751567450769,
        "sharpe_ratio_2021_1_0_bps": 1.3547638625194462,
        "annual_return_2021_2022_1_5_bps": 0.06881112802987666,
        "annual_volatility_2021_2022_1_5_bps": 0.051441436500999346,
        "sharpe_ratio_2021_2022_1_5_bps": 1.319445202447498,
        "downside_risk_2021_2022_1_5_bps": 0.035554943773296876,
        "sortino_ratio_2021_2022_1_5_bps": 1.9089935011858261,
        "max_drawdown_2021_2022_1_5_bps": 0.028227994387492013,
        "calmar_ratio_2021_2022_1_5_bps": 2.437691005789886,
        "perc_pos_return_2021_2022_1_5_bps": 0.5674603174603174,
        "profit_loss_ratio_2021_2022_1_5_bps": 0.9475810404917652,
        "sharpe_ratio_2021_1_5_bps": 1.319445202447498,
        "annual_return_2021_2022_2_0_bps": 0.06687360707834533,
        "annual_volatility_2021_2022_2_0_bps": 0.05144298205439333,
        "sharpe_ratio_2021_2022_2_0_bps": 1.2841274649491738,
        "downside_risk_2021_2022_2_0_bps": 0.03561260324933338,
        "sortino_ratio_2021_2022_2_0_bps": 1.8549429164847837,
        "max_drawdown_2021_2022_2_0_bps": 0.02846066286880917,
        "calmar_ratio_2021_2022_2_0_bps": 2.349685507558363,
        "perc_pos_return_2021_2022_2_0_bps": 0.5674603174603174,
        "profit_loss_ratio_2021_2022_2_0_bps": 0.9421178393807074,
        "sharpe_ratio_2021_2_0_bps": 1.2841274649491738,
        "annual_return_2021_2022_2_5_bps": 0.06493958202854277,
        "annual_volatility_2021_2022_2_5_bps": 0.05144457315686859,
        "sharpe_ratio_2021_2022_2_5_bps": 1.2488107438605338,