{
    "ALL": {
        "performance_sw": 0.08514703950788616,
        "performance_fw": -0.039780382281788276,
        "val_loss": 4.248180540132969,
        "annual_return_2020_2021": 0.002283325908425393,
        "annual_volatility_2020_2021": 0.03326645823841935,
        "sharpe_ratio_2020_2021": 0.08514703950788602,
        "downside_risk_2020_2021": 0.025044766202216073,
        "sortino_ratio_2020_2021": 0.11309909667527648,
        "max_drawdown_2020_2021": 0.049038954889994664,
        "calmar_ratio_2020_2021": 0.046561471661608685,
        "perc_pos_return_2020_2021": 0.5217391304347826,
        "profit_loss_ratio_2020_2021": 0.9343705055099637,
        "sharpe_ratio_2020": 0.08514703950788602,
        "annual_return_2020_2021_0_5_bps": 0.002052863288857232,
        "annual_volatility_2020_2021_0_5_bps": 0.033267313107480885,
        "sharpe_ratio_2020_2021_0_5_bps": 0.07823304447578931,
        "downside_risk_2020_2021_0_5_bps": 0.025050535723937714,
        "sortino_ratio_2020_2021_0_5_bps": 0.10389411286883471,
        "max_drawdown_2020_2021_0_5_bps": 0.04907334055191124,
        "calmar_ratio_2020_2021_0_5_bps": 0.04183255645059769,
        "perc_pos_return_2020_2021_0_5_bps": 0.5217391304347826,
        "profit_loss_ratio_2020_2021_0_5_bps": 0.9329208413837258,
        "sharpe_ratio_2020_0_5_bps": 0.07823304447578931,
        "annual_return_2020_2021_1_0_bps": 0.0018224533787292163,
        "annual_volatility_2020_2021_1_0_bps": 0.03326817013181784,
        "sharpe_ratio_2020_2021_1_0_bps": 0.07131940015155076,
        "downside_risk_2020_2021_1_0_bps": 0.025056309565300767,
        "sortino_ratio_2020_2021_1_0_bps": 0.09469335185843858,
        "max_drawdown_2020_2021_1_0_bps": 0.04910772502796616,
        "calmar_ratio_2020_2021_1_0_bps": 0.03711133793494516,
        "perc_pos_return_2020_2021_1_0_bps": 0.5217391304347826,
        "profit_loss_ratio_2020_2021_1_0_bps": 0.9314734068727274,
        "sharpe_ratio_2020_1_0_bps": 0.07131940015155076,
        "annual_return_2020_2021_1_5_bps": 0.0015920961660520483,
        "annual_volatility_2020_2021_1_5_bps": 0.033269029311263645,
        "sharpe_ratio_2020_2021_1_5_bps": 0.06440610785205424,
        "downside_risk_2020_2021_1_5_bps": 0.025062087723319734,
        "sortino_ratio_2020_2021_1_5_bps": 0.08549681549317366,
        "max_drawdown_2020_2021_1_5_bps": 0.04914210831819966,
        "calmar_ratio_2020_2021_1_5_bps": 0.03239779937285311,
        "perc_pos_return_2020_2021_1_5_bps": 0.5217391304347826,
        "profit_loss_ratio_2020_2021_1_5_bps": 0.9300281968371265,
        "sharpe_ratio_2020_1_5_bps": 0.06440610785205424,
        "annual_return_2020_2021_2_0_bps": 0.0013617916388357632,
        "annual_volatility_2020_2021_2_0_bps": 0.03326989064565136,
        "sharpe_ratio_2020_2021_2_0_bps": 0.0574931688937743,
        "downside_risk_2020_2021_2_0_bps": 0.02506787019500963,
        "sortino_ratio_2020_2021_2_0_bps": 0.07630450561167432,
        "max_drawdown_2020_2021_2_0_bps": 0.04917649042265039,
        "calmar_ratio_2020_2021_2_0_bps": 0.027691924070460512,
        "perc_pos_return_2020_2021_2_0_bps": 0.5217391304347826,
        "profit_loss_ratio_2020_2021_2_0_bps": 0.9285852061528654,
        "sharpe_ratio_2020_2_0_bps": 0.0574931688937743,
        "annual_return_2020_2021_2_5_bps": 0.001131539785093949,
        "annual_volatility_2020_2021_2_5_bps": 0.03327075413481361,
        "sharpe_ratio_2020_2021_2_5_bps": 0.05058058459277195,
        "downside_risk_2020_2021_2_5_bps": 0.025073656983462523,
        "sortino_ratio_2020_2021_2_5_bps": 0.0671164240258688,
        "max_drawdown_2020_2021_2_5_bps": 0.04921087134135565,
        "calmar_ratio_2020_2021_2_5_bps": 0.022993695381756628,
        "perc_pos_return_2020_2021_2_5_bps": 0.5177865612648221,
        "profit_loss_ratio_2020_2021_2_5_bps": 0.9419426701583234,
        "sharpe_ratio_2020_2_5_bps": 0.05058058459277195,
        "annual_return_2020_2021_3_0_bps": 0.0009013405928484097,
        "annual_volatility_2020_2021_3_0_bps": 0.03327161977858262,
        "sharpe_ratio_2020_2021_3_0_bps": 0.0436683562646967,
        "downside_risk_2020_2021_3_0_bps": 0.02507944809521127,
        "sortino_ratio_2020_2021_3_0_bps": 0.05793257253823294,
        "max_drawdown_2020_2021_3_0_bps": 0.04924525107435727,
        "calmar_ratio_2020_2021_3_0_bps": 0.018303096708501727,
        "perc_pos_return_2020_2021_3_0_bps": 0.5177865612648221,
        "profit_loss_ratio_2020_2021_3_0_bps": 0.9404811081460988,
        "sharpe_ratio_2020_3_0_bps": 0.0436683562646967
    },
    "COMB": {
        "annual_return_2020_2021": 0.002283325908425393,
        "annual_volatility_2020_2021": 0.03326645823841935,
        "sharpe_ratio_2020_2021": 0.08514703950788602,
        "downside_risk_2020_2021": 0.025044766202216073,
        "sortino_ratio_2020_2021": 0.11309909667527648,
        "max_drawdown_2020_2021": 0.049038954889994664,
        "calmar_ratio_2020_2021": 0.046561471661608685,
        "perc_pos_return_2020_2021": 0.5217391304347826,
        "profit_loss_ratio_2020_2021": 0.9343705055099637,
        "sharpe_ratio_2020": 0.08514703950788602,
        "annual_return_2020_2021_0_5_bps": 0.002052863288857232,
        "annual_volatility_2020_2021_0_5_bps": 0.033267313107480885,
        "sharpe_ratio_2020_2021_0_5_bps": 0.07823304447578931,
        "downside_risk_2020_2021_0_5_bps": 0.025050535723937714,
        "sortino_ratio_2020_2021_0_5_bps": 0.10389411286883471,
        "max_drawdown_2020_2021_0_5_bps": 0.04907334055191124,
        "calmar_ratio_2020_2021_0_5_bps": 0.04183255645059769,
        "perc_pos_return_2020_2021_0_5_bps": 0.5217391304347826,
        "profit_loss_ratio_2020_2021_0_5_bps": 0.9329208413837258,
        "sharpe_ratio_2020_0_5_bps": 0.07823304447578931,
        "annual_return_2020_2021_1_0_bps": 0.0018224533787292163,
        "annual_volatility_2020_2021_1_0_bps": 0.03326817013181784,
        "sharpe_ratio_2020_2021_1_0_bps": 0.07131940015155076,
        "downside_risk_2020_2021_1_0_bps": 0.025056309565300767,
        "sortino_ratio_2020_2021_1_0_bps": 0.09469335185843858,
        "max_drawdown_2020_2021_1_0_bps": 0.04910772502796616,
        "calmar_ratio_2020_2021_1_0_bps": 0.03711133793494516,
        "perc_pos_return_2020_2021_1_0_bps": 0.5217391304347826,
        "profit_loss_ratio_2020_2021_1_0_bps": 0.9314734068727274,
        "sharpe_ratio_2020_1_0_bps": 0.07131940015155076,
        "annual_return_2020_2021_1_5_bps": 0.0015920961660520483,
        "annual_volatility_2020_2021_1_5_bps": 0.033269029311263645,
        "sharpe_ratio_2020_2021_1_5_bps": 0.06440610785205424,
        "downside_risk_2020_2021_1_5_bps": 0.025062087723319734,
        "sortino_ratio_2020_2021_1_5_bps": 0.08549681549317366,
        "max_drawdown_2020_2021_1_5_bps": 0.04914210831819966,
        "calmar_ratio_2020_2021_1_5_bps": 0.03239779937285311,
        "perc_pos_return_2020_2021_1_5_bps": 0.5217391304347826,
        "profit_loss_ratio_2020_2021_1_5_bps": 0.9300281968371265,
        "sharpe_ratio_2020_1_5_bps": 0.06440610785205424,
        "annual_return_2020_2021_2_0_bps": 0.0013617916388357632,
        "annual_volatility_2020_2021_2_0_bps": 0.03326989064565136,
        "sharpe_ratio_2020_2021_2_0_bps": 0.0574931688937743,
        "downside_risk_2020_2021_2_0_bps": 0.02506787019500963,
        "sortino_ratio_2020_2021_2_0_bps": 0.07630450561167432,
        "max_drawdown_2020_2021_2_0_bps": 0.04917649042265039,
        "calmar_ratio_2020_2021_2_0_bps": 0.027691924070460512,
        "perc_pos_return_2020_2021_2_0_bps": 0.5217391304347826,
        "profit_loss_ratio_2020_2021_2_0_bps": 0.9285852061528654,
        "sharpe_ratio_2020_2_0_bps": 0.0574931688937743,
        "annual_return_2020_2021_2_5_bps": 0.001131539785093949,
        "annual_volatility_2020_2021_2_5_bps": 0.03327075413481361,