{
    "ALL": {
        "performance_sw": 0.7206456587231099,
        "performance_fw": 1.889366836354197,
        "val_loss": 1.7923950442873011,
        "annual_return_2023_2024": 0.028659504429824123,
        "annual_volatility_2023_2024": 0.04033504817319022,
        "sharpe_ratio_2023_2024": 0.7206456587231098,
        "downside_risk_2023_2024": 0.02595422004160112,
        "sortino_ratio_2023_2024": 1.1199441676076607,
        "max_drawdown_2023_2024": 0.05082643561390572,
        "calmar_ratio_2023_2024": 0.5638700428952194,
        "perc_pos_return_2023_2024": 0.5100401606425703,
        "profit_loss_ratio_2023_2024": 1.0874659778595968,
        "sharpe_ratio_2023": 0.7206456587231098,
        "annual_return_2023_2024_0_5_bps": 0.027996786912583893,
        "annual_volatility_2023_2024_0_5_bps": 0.04033752294430837,
        "sharpe_ratio_2023_2024_0_5_bps": 0.7046254564743217,
        "downside_risk_2023_2024_0_5_bps": 0.02597612987657304,
        "sortino_ratio_2023_2024_0_5_bps": 1.0941909226943878,
        "max_drawdown_2023_2024_0_5_bps": 0.051188712096491,
        "calmar_ratio_2023_2024_0_5_bps": 0.5469328249519112,
        "perc_pos_return_2023_2024_0_5_bps": 0.5100401606425703,
        "profit_loss_ratio_2023_2024_0_5_bps": 1.0844636091281135,
        "sharpe_ratio_2023_0_5_bps": 0.7046254564743217,
        "annual_return_2023_2024_1_0_bps": 0.027334493696541395,
        "annual_volatility_2023_2024_1_0_bps": 0.04034002088704667,
        "sharpe_ratio_2023_2024_1_0_bps": 0.6886068242933436,
        "downside_risk_2023_2024_1_0_bps": 0.02599807809215408,
        "sortino_ratio_2023_2024_1_0_bps": 1.0684795074655753,
        "max_drawdown_2023_2024_1_0_bps": 0.05155085184955098,
        "calmar_ratio_2023_2024_1_0_bps": 0.5302432979442508,
        "perc_pos_return_2023_2024_1_0_bps": 0.5100401606425703,
        "profit_loss_ratio_2023_2024_1_0_bps": 1.0814704431300857,
        "sharpe_ratio_2023_1_0_bps": 0.6886068242933436,
        "annual_return_2023_2024_1_5_bps": 0.02667262451173391,
        "annual_volatility_2023_2024_1_5_bps": 0.04034254199710087,
        "sharpe_ratio_2023_2024_1_5_bps": 0.6725897895622431,
        "downside_risk_2023_2024_1_5_bps": 0.02602006459122082,
        "sortino_ratio_2023_2024_1_5_bps": 1.0428099337382521,
        "max_drawdown_2023_2024_1_5_bps": 0.05191285492411277,
        "calmar_ratio_2023_2024_1_5_bps": 0.5137961406808483,
        "perc_pos_return_2023_2024_1_5_bps": 0.5100401606425703,
        "profit_loss_ratio_2023_2024_1_5_bps": 1.0784864376185175,
        "sharpe_ratio_2023_1_5_bps": 0.6725897895622431,
        "annual_return_2023_2024_2_0_bps": 0.026011179088373027,
        "annual_volatility_2023_2024_2_0_bps": 0.04034508627012788,
        "sharpe_ratio_2023_2024_2_0_bps": 0.6565743796445654,
        "downside_risk_2023_2024_2_0_bps": 0.02604208927680872,
        "sortino_ratio_2023_2024_2_0_bps": 1.0171822125310601,
        "max_drawdown_2023_2024_2_0_bps": 0.052274721371181686,
        "calmar_ratio_2023_2024_2_0_bps": 0.49758618326586856,
        "perc_pos_return_2023_2024_2_0_bps": 0.5100401606425703,
        "profit_loss_ratio_2023_2024_2_0_bps": 1.0755115506046078,
        "sharpe_ratio_2023_2_0_bps": 0.6565743796445654,
        "annual_return_2023_2024_2_5_bps": 0.02535015715683464,
        "annual_volatility_2023_2024_2_5_bps": 0.04034765370174583,
        "sharpe_ratio_2023_2024_2_5_bps": 0.6405606218851098,
        "downside_risk_2023_2024_2_5_bps": 0.026064152052112835,
        "sortino_ratio_2023_2024_2_5_bps": 0.991596354069776,
        "max_drawdown_2023_2024_2_5_bps": 0.05263645124174546,
        "calmar_ratio_2023_2024_2_5_bps": 0.48160840175960945,
        "perc_pos_return_2023_2024_2_5_bps": 0.5100401606425703,
        "profit_loss_ratio_2023_2024_2_5_bps": 1.072545740355784,
        "sharpe_ratio_2023_2_5_bps": 0.6405606218851098,
        "annual_return_2023_2024_3_0_bps": 0.02468955844767451,
        "annual_volatility_2023_2024_3_0_bps": 0.04035024428753405,
        "sharpe_ratio_2023_2024_3_0_bps": 0.6245485436097008,
        "downside_risk_2023_2024_3_0_bps": 0.026086253647555166,
        "sortino_ratio_2023_2024_3_0_bps": 0.9660523371640558,
        "max_drawdown_2023_2024_3_0_bps": 0.05299804458677101,
        "calmar_ratio_2023_2024_3_0_bps": 0.46585791306416124,
        "perc_pos_return_2023_2024_3_0_bps": 0.5060240963855421,
        "profit_loss_ratio_2023_2024_3_0_bps": 1.0869111765334183,
        "sharpe_ratio_2023_3_0_bps": 0.6245485436097008
    },
    "COMB": {
        "annual_return_2023_2024": 0.028659504429824123,
        "annual_volatility_2023_2024": 0.04033504817319022,
        "sharpe_ratio_2023_2024": 0.7206456587231098,
        "downside_risk_2023_2024": 0.02595422004160112,
        "sortino_ratio_2023_2024": 1.1199441676076607,
        "max_drawdown_2023_2024": 0.05082643561390572,
        "calmar_ratio_2023_2024": 0.5638700428952194,
        "perc_pos_return_2023_2024": 0.5100401606425703,
        "profit_loss_ratio_2023_2024": 1.0874659778595968,
        "sharpe_ratio_2023": 0.7206456587231098,
        "annual_return_2023_2024_0_5_bps": 0.027996786912583893,
        "annual_volatility_2023_2024_0_5_bps": 0.04033752294430837,
        "sharpe_ratio_2023_2024_0_5_bps": 0.7046254564743217,
        "downside_risk_2023_2024_0_5_bps": 0.02597612987657304,
        "sortino_ratio_2023_2024_0_5_bps": 1.0941909226943878,
        "max_drawdown_2023_2024_0_5_bps": 0.051188712096491,
        "calmar_ratio_2023_2024_0_5_bps": 0.5469328249519112,
        "perc_pos_return_2023_2024_0_5_bps": 0.5100401606425703,
        "profit_loss_ratio_2023_2024_0_5_bps": 1.0844636091281135,
        "sharpe_ratio_2023_0_5_bps": 0.7046254564743217,
        "annual_return_2023_2024_1_0_bps": 0.027334493696541395,
        "annual_volatility_2023_2024_1_0_bps": 0.04034002088704667,
        "sharpe_ratio_2023_2024_1_0_bps": 0.6886068242933436,
        "downside_risk_2023_2024_1_0_bps": 0.02599807809215408,
        "sortino_ratio_2023_2024_1_0_bps": 1.0684795074655753,
        "max_drawdown_2023_2024_1_0_bps": 0.05155085184955098,
        "calmar_ratio_2023_2024_1_0_bps": 0.5302432979442508,
        "perc_pos_return_2023_2024_1_0_bps": 0.5100401606425703,
        "profit_loss_ratio_2023_2024_1_0_bps": 1.0814704431300857,
        "sharpe_ratio_2023_1_0_bps": 0.6886068242933436,
        "annual_return_2023_2024_1_5_bps": 0.02667262451173391,
        "annual_volatility_2023_2024_1_5_bps": 0.04034254199710087,
        "sharpe_ratio_2023_2024_1_5_bps": 0.6725897895622431,
        "downside_risk_2023_2024_1_5_bps": 0.02602006459122082,
        "sortino_ratio_2023_2024_1_5_bps": 1.0428099337382521,
        "max_drawdown_2023_2024_1_5_bps": 0.05191285492411277,
        "calmar_ratio_2023_2024_1_5_bps": 0.5137961406808483,
        "perc_pos_return_2023_2024_1_5_bps": 0.5100401606425703,
        "profit_loss_ratio_2023_2024_1_5_bps": 1.0784864376185175,
        "sharpe_ratio_2023_1_5_bps": 0.6725897895622431,
        "annual_return_2023_2024_2_0_bps": 0.026011179088373027,
        "annual_volatility_2023_2024_2_0_bps": 0.04034508627012788,
        "sharpe_ratio_2023_2024_2_0_bps": 0.6565743796445654,
        "downside_risk_2023_2024_2_0_bps": 0.02604208927680872,
        "sortino_ratio_2023_2024_2_0_bps": 1.0171822125310601,
        "max_drawdown_2023_2024_2_0_bps": 0.052274721371181686,
        "calmar_ratio_2023_2024_2_0_bps": 0.49758618326586856,
        "perc_pos_return_2023_2024_2_0_bps": 0.5100401606425703,
        "profit_loss_ratio_2023_2024_2_0_bps": 1.0755115506046078,
        "sharpe_ratio_2023_2_0_bps": 0.6565743796445654,
        "annual_return_2023_2024_2_5_bps": 0.02535015715683464,
        "annual_volatility_2023_2024_2_5_bps": 0.04034765370174583,
        "sharpe_ratio_2023_2024_2_5_bps": 0.6405606218851098,