{
    "ALL": {
        "performance_sw": -0.33613393422450605,
        "performance_fw": -0.4774002469632753,
        "val_loss": 2.95484998276036,
        "annual_return_2022_2023": -0.013821988733375812,
        "annual_volatility_2022_2023": 0.039139766905960244,
        "sharpe_ratio_2022_2023": -0.33613393422450594,
        "downside_risk_2022_2023": 0.02561554194658776,
        "sortino_ratio_2022_2023": -0.5136024005333633,
        "max_drawdown_2022_2023": 0.04185509605316412,
        "calmar_ratio_2022_2023": -0.33023430924203817,
        "perc_pos_return_2022_2023": 0.46215139442231074,
        "profit_loss_ratio_2022_2023": 1.0974849914065368,
        "sharpe_ratio_2022": -0.33613393422450594,
        "annual_return_2022_2023_0_5_bps": -0.016106152230034865,
        "annual_volatility_2022_2023_0_5_bps": 0.03914349344127666,
        "sharpe_ratio_2022_2023_0_5_bps": -0.39533465634417997,
        "downside_risk_2022_2023_0_5_bps": 0.025694960071130694,
        "sortino_ratio_2022_2023_0_5_bps": -0.6022496040032497,
        "max_drawdown_2022_2023_0_5_bps": 0.04353209442638601,
        "calmar_ratio_2022_2023_0_5_bps": -0.369983398278041,
        "perc_pos_return_2022_2023_0_5_bps": 0.4541832669322709,
        "profit_loss_ratio_2022_2023_0_5_bps": 1.1216543254801177,
        "sharpe_ratio_2022_0_5_bps": -0.39533465634417997,
        "annual_return_2022_2023_1_0_bps": -0.01838504978896971,
        "annual_volatility_2022_2023_1_0_bps": 0.03914731475194975,
        "sharpe_ratio_2022_2023_1_0_bps": -0.4545230070938335,
        "downside_risk_2022_2023_1_0_bps": 0.025774670609332286,
        "sortino_ratio_2022_2023_1_0_bps": -0.6903426814022023,
        "max_drawdown_2022_2023_1_0_bps": 0.045206176083279676,
        "calmar_ratio_2022_2023_1_0_bps": -0.40669331896377214,
        "perc_pos_return_2022_2023_1_0_bps": 0.4541832669322709,
        "profit_loss_ratio_2022_2023_1_0_bps": 1.110154030656356,
        "sharpe_ratio_2022_1_0_bps": -0.4545230070938335,
        "annual_return_2022_2023_1_5_bps": -0.020658693493714186,
        "annual_volatility_2022_2023_1_5_bps": 0.039151230810228185,
        "sharpe_ratio_2022_2023_1_5_bps": -0.5136985606194024,
        "downside_risk_2022_2023_1_5_bps": 0.02585467165163057,
        "sortino_ratio_2022_2023_1_5_bps": -0.7778838263615628,
        "max_drawdown_2022_2023_1_5_bps": 0.046877346064683675,
        "calmar_ratio_2022_2023_1_5_bps": -0.44069673793410363,
        "perc_pos_return_2022_2023_1_5_bps": 0.4541832669322709,
        "profit_loss_ratio_2022_2023_1_5_bps": 1.0987781848099982,
        "sharpe_ratio_2022_1_5_bps": -0.5136985606194024,
        "annual_return_2022_2023_2_0_bps": -0.022927095400214315,
        "annual_volatility_2022_2023_2_0_bps": 0.03915524158768381,
        "sharpe_ratio_2022_2023_2_0_bps": -0.5728608915986083,
        "downside_risk_2022_2023_2_0_bps": 0.025934960509689565,
        "sortino_ratio_2022_2023_2_0_bps": -0.8648752944234941,
        "max_drawdown_2022_2023_2_0_bps": 0.04854560940278134,
        "calmar_ratio_2022_2023_2_0_bps": -0.4722794848446324,
        "perc_pos_return_2022_2023_2_0_bps": 0.4541832669322709,
        "profit_loss_ratio_2022_2023_2_0_bps": 1.0875247787489883,
        "sharpe_ratio_2022_2_0_bps": -0.5728608915986083,
        "annual_return_2022_2023_2_5_bps": -0.025190267536870703,
        "annual_volatility_2022_2023_2_5_bps": 0.03915934705521266,
        "sharpe_ratio_2022_2023_2_5_bps": -0.6320095752559852,
        "downside_risk_2022_2023_2_5_bps": 0.02601553451874784,
        "sortino_ratio_2022_2023_2_5_bps": -0.9513193850324883,
        "max_drawdown_2022_2023_2_5_bps": 0.05021097112111079,
        "calmar_ratio_2022_2023_2_5_bps": -0.5016885149683883,
        "perc_pos_return_2022_2023_2_5_bps": 0.4541832669322709,
        "profit_loss_ratio_2022_2023_2_5_bps": 1.0763918463001765,
        "sharpe_ratio_2022_2_5_bps": -0.6320095752559852,
        "annual_return_2022_2023_3_0_bps": -0.02744822190461338,
        "annual_volatility_2022_2023_3_0_bps": 0.03916354718303598,
        "sharpe_ratio_2022_2023_3_0_bps": -0.6911441873778605,
        "downside_risk_2022_2023_3_0_bps": 0.026096391061674756,
        "sortino_ratio_2022_2023_3_0_bps": -1.0372184386984278,
        "max_drawdown_2022_2023_3_0_bps": 0.05187343623458446,
        "calmar_ratio_2022_2023_3_0_bps": -0.5291383007766395,
        "perc_pos_return_2022_2023_3_0_bps": 0.450199203187251,
        "profit_loss_ratio_2022_2023_3_0_bps": 1.0826515318278116,
        "sharpe_ratio_2022_3_0_bps": -0.6911441873778605
    },
    "COMB": {
        "annual_return_2022_2023": -0.013821988733375812,
        "annual_volatility_2022_2023": 0.039139766905960244,
        "sharpe_ratio_2022_2023": -0.33613393422450594,
        "downside_risk_2022_2023": 0.02561554194658776,
        "sortino_ratio_2022_2023": -0.5136024005333633,
        "max_drawdown_2022_2023": 0.04185509605316412,
        "calmar_ratio_2022_2023": -0.33023430924203817,
        "perc_pos_return_2022_2023": 0.46215139442231074,
        "profit_loss_ratio_2022_2023": 1.0974849914065368,
        "sharpe_ratio_2022": -0.33613393422450594,
        "annual_return_2022_2023_0_5_bps": -0.016106152230034865,
        "annual_volatility_2022_2023_0_5_bps": 0.03914349344127666,
        "sharpe_ratio_2022_2023_0_5_bps": -0.39533465634417997,
        "downside_risk_2022_2023_0_5_bps": 0.025694960071130694,
        "sortino_ratio_2022_2023_0_5_bps": -0.6022496040032497,
        "max_drawdown_2022_2023_0_5_bps": 0.04353209442638601,
        "calmar_ratio_2022_2023_0_5_bps": -0.369983398278041,
        "perc_pos_return_2022_2023_0_5_bps": 0.4541832669322709,
        "profit_loss_ratio_2022_2023_0_5_bps": 1.1216543254801177,
        "sharpe_ratio_2022_0_5_bps": -0.39533465634417997,
        "annual_return_2022_2023_1_0_bps": -0.01838504978896971,
        "annual_volatility_2022_2023_1_0_bps": 0.03914731475194975,
        "sharpe_ratio_2022_2023_1_0_bps": -0.4545230070938335,
        "downside_risk_2022_2023_1_0_bps": 0.025774670609332286,
        "sortino_ratio_2022_2023_1_0_bps": -0.6903426814022023,
        "max_drawdown_2022_2023_1_0_bps": 0.045206176083279676,
        "calmar_ratio_2022_2023_1_0_bps": -0.40669331896377214,
        "perc_pos_return_2022_2023_1_0_bps": 0.4541832669322709,
        "profit_loss_ratio_2022_2023_1_0_bps": 1.110154030656356,
        "sharpe_ratio_2022_1_0_bps": -0.4545230070938335,
        "annual_return_2022_2023_1_5_bps": -0.020658693493714186,
        "annual_volatility_2022_2023_1_5_bps": 0.039151230810228185,
        "sharpe_ratio_2022_2023_1_5_bps": -0.5136985606194024,
        "downside_risk_2022_2023_1_5_bps": 0.02585467165163057,
        "sortino_ratio_2022_2023_1_5_bps": -0.7778838263615628,
        "max_drawdown_2022_2023_1_5_bps": 0.046877346064683675,
        "calmar_ratio_2022_2023_1_5_bps": -0.44069673793410363,
        "perc_pos_return_2022_2023_1_5_bps": 0.4541832669322709,
        "profit_loss_ratio_2022_2023_1_5_bps": 1.0987781848099982,
        "sharpe_ratio_2022_1_5_bps": -0.5136985606194024,
        "annual_return_2022_2023_2_0_bps": -0.022927095400214315,
        "annual_volatility_2022_2023_2_0_bps": 0.03915524158768381,
        "sharpe_ratio_2022_2023_2_0_bps": -0.5728608915986083,
        "downside_risk_2022_2023_2_0_bps": 0.025934960509689565,
        "sortino_ratio_2022_2023_2_0_bps": -0.8648752944234941,
        "max_drawdown_2022_2023_2_0_bps": 0.04854560940278134,
        "calmar_ratio_2022_2023_2_0_bps": -0.4722794848446324,
        "perc_pos_return_2022_2023_2_0_bps": 0.4541832669322709,
        "profit_loss_ratio_2022_2023_2_0_bps": 1.0875247787489883,
        "sharpe_ratio_2022_2_0_bps": -0.5728608915986083,
        "annual_return_2022_2023_2_5_bps": -0.025190267536870703,
        "annual_volatility_2022_2023_2_5_bps": 0.03915934705521266,