{
    "ALL": {
        "performance_sw": 0.5525977289527543,
        "performance_fw": 0.40927607745464667,
        "val_loss": 1.275360623236121,
        "annual_return_2023_2024": 0.025891914374237768,
        "annual_volatility_2023_2024": 0.04836822371224578,
        "sharpe_ratio_2023_2024": 0.5525977289527545,
        "downside_risk_2023_2024": 0.03281409656284884,
        "sortino_ratio_2023_2024": 0.8145331847144813,
        "max_drawdown_2023_2024": 0.04409423721868978,
        "calmar_ratio_2023_2024": 0.5871949716654407,
        "perc_pos_return_2023_2024": 0.5220883534136547,
        "profit_loss_ratio_2023_2024": 1.002446096679197,
        "sharpe_ratio_2023": 0.5525977289527545,
        "annual_return_2023_2024_0_5_bps": 0.022504418612925736,
        "annual_volatility_2023_2024_0_5_bps": 0.04836501714290576,
        "sharpe_ratio_2023_2024_0_5_bps": 0.4842395208454303,
        "downside_risk_2023_2024_0_5_bps": 0.03292171626465759,
        "sortino_ratio_2023_2024_0_5_bps": 0.7113922171823107,
        "max_drawdown_2023_2024_0_5_bps": 0.045070297083078796,
        "calmar_ratio_2023_2024_0_5_bps": 0.4993181778110533,
        "perc_pos_return_2023_2024_0_5_bps": 0.5220883534136547,
        "profit_loss_ratio_2023_2024_0_5_bps": 0.9912491008873406,
        "sharpe_ratio_2023_0_5_bps": 0.4842395208454303,
        "annual_return_2023_2024_1_0_bps": 0.019128056513262992,
        "annual_volatility_2023_2024_1_0_bps": 0.04836196545847483,
        "sharpe_ratio_2023_2024_1_0_bps": 0.4158709160471725,
        "downside_risk_2023_2024_1_0_bps": 0.033029717738124284,
        "sortino_ratio_2023_2024_1_0_bps": 0.6089163412330085,
        "max_drawdown_2023_2024_1_0_bps": 0.046683619308083964,
        "calmar_ratio_2023_2024_1_0_bps": 0.40973807936846673,
        "perc_pos_return_2023_2024_1_0_bps": 0.5220883534136547,
        "profit_loss_ratio_2023_2024_1_0_bps": 0.9801753421557918,
        "sharpe_ratio_2023_1_0_bps": 0.4158709160471725,
        "annual_return_2023_2024_1_5_bps": 0.01576279165254424,
        "annual_volatility_2023_2024_1_5_bps": 0.048359068688274894,
        "sharpe_ratio_2023_2024_1_5_bps": 0.34749256929399785,
        "downside_risk_2023_2024_1_5_bps": 0.03313809725051506,
        "sortino_ratio_2023_2024_1_5_bps": 0.5071026528806621,
        "max_drawdown_2023_2024_1_5_bps": 0.04829424094319275,
        "calmar_ratio_2023_2024_1_5_bps": 0.32639071128761704,
        "perc_pos_return_2023_2024_1_5_bps": 0.5220883534136547,
        "profit_loss_ratio_2023_2024_1_5_bps": 0.9692227970508582,
        "sharpe_ratio_2023_1_5_bps": 0.34749256929399785,
        "annual_return_2023_2024_2_0_bps": 0.01240858772665554,
        "annual_volatility_2023_2024_2_0_bps": 0.048356326860146195,
        "sharpe_ratio_2023_2024_2_0_bps": 0.27910513584465174,
        "downside_risk_2023_2024_2_0_bps": 0.03324685110478756,
        "sortino_ratio_2023_2024_2_0_bps": 0.4059481944533984,
        "max_drawdown_2023_2024_2_0_bps": 0.04990216646713612,
        "calmar_ratio_2023_2024_2_0_bps": 0.2486582969263953,
        "perc_pos_return_2023_2024_2_0_bps": 0.5220883534136547,
        "profit_loss_ratio_2023_2024_2_0_bps": 0.9583894861948352,
        "sharpe_ratio_2023_2_0_bps": 0.27910513584465174,
        "annual_return_2023_2024_2_5_bps": 0.009065408549706166,
        "annual_volatility_2023_2024_2_5_bps": 0.04835374000044605,
        "sharpe_ratio_2023_2024_2_5_bps": 0.21070927144935295,
        "downside_risk_2023_2024_2_5_bps": 0.03335597563942816,
        "sortino_ratio_2023_2024_2_5_bps": 0.3054499570776185,
        "max_drawdown_2023_2024_2_5_bps": 0.051507400351277655,
        "calmar_ratio_2023_2024_2_5_bps": 0.17600205966289456,
        "perc_pos_return_2023_2024_2_5_bps": 0.5220883534136547,
        "profit_loss_ratio_2023_2024_2_5_bps": 0.947673473073465,
        "sharpe_ratio_2023_2_5_bps": 0.21070927144935295,
        "annual_return_2023_2024_3_0_bps": 0.005733218053625366,
        "annual_volatility_2023_2024_3_0_bps": 0.0483513081340475,
        "sharpe_ratio_2023_2024_3_0_bps": 0.14230563231848117,
        "downside_risk_2023_2024_3_0_bps": 0.033465467289100756,
        "sortino_ratio_2023_2024_3_0_bps": 0.20560488272883876,
        "max_drawdown_2023_2024_3_0_bps": 0.0535217889889056,
        "calmar_ratio_2023_2024_3_0_bps": 0.1071193276968711,
        "perc_pos_return_2023_2024_3_0_bps": 0.5180722891566265,
        "profit_loss_ratio_2023_2024_3_0_bps": 0.952272444550633,
        "sharpe_ratio_2023_3_0_bps": 0.14230563231848117
    },
    "COMB": {
        "annual_return_2023_2024": 0.025891914374237768,
        "annual_volatility_2023_2024": 0.04836822371224578,
        "sharpe_ratio_2023_2024": 0.5525977289527545,
        "downside_risk_2023_2024": 0.03281409656284884,
        "sortino_ratio_2023_2024": 0.8145331847144813,
        "max_drawdown_2023_2024": 0.04409423721868978,
        "calmar_ratio_2023_2024": 0.5871949716654407,
        "perc_pos_return_2023_2024": 0.5220883534136547,
        "profit_loss_ratio_2023_2024": 1.002446096679197,
        "sharpe_ratio_2023": 0.5525977289527545,
        "annual_return_2023_2024_0_5_bps": 0.022504418612925736,
        "annual_volatility_2023_2024_0_5_bps": 0.04836501714290576,
        "sharpe_ratio_2023_2024_0_5_bps": 0.4842395208454303,
        "downside_risk_2023_2024_0_5_bps": 0.03292171626465759,
        "sortino_ratio_2023_2024_0_5_bps": 0.7113922171823107,
        "max_drawdown_2023_2024_0_5_bps": 0.045070297083078796,
        "calmar_ratio_2023_2024_0_5_bps": 0.4993181778110533,
        "perc_pos_return_2023_2024_0_5_bps": 0.5220883534136547,
        "profit_loss_ratio_2023_2024_0_5_bps": 0.9912491008873406,
        "sharpe_ratio_2023_0_5_bps": 0.4842395208454303,
        "annual_return_2023_2024_1_0_bps": 0.019128056513262992,
        "annual_volatility_2023_2024_1_0_bps": 0.04836196545847483,
        "sharpe_ratio_2023_2024_1_0_bps": 0.4158709160471725,
        "downside_risk_2023_2024_1_0_bps": 0.033029717738124284,
        "sortino_ratio_2023_2024_1_0_bps": 0.6089163412330085,
        "max_drawdown_2023_2024_1_0_bps": 0.046683619308083964,
        "calmar_ratio_2023_2024_1_0_bps": 0.40973807936846673,
        "perc_pos_return_2023_2024_1_0_bps": 0.5220883534136547,
        "profit_loss_ratio_2023_2024_1_0_bps": 0.9801753421557918,
        "sharpe_ratio_2023_1_0_bps": 0.4158709160471725,
        "annual_return_2023_2024_1_5_bps": 0.01576279165254424,
        "annual_volatility_2023_2024_1_5_bps": 0.048359068688274894,
        "sharpe_ratio_2023_2024_1_5_bps": 0.34749256929399785,
        "downside_risk_2023_2024_1_5_bps": 0.03313809725051506,
        "sortino_ratio_2023_2024_1_5_bps": 0.5071026528806621,
        "max_drawdown_2023_2024_1_5_bps": 0.04829424094319275,
        "calmar_ratio_2023_2024_1_5_bps": 0.32639071128761704,
        "perc_pos_return_2023_2024_1_5_bps": 0.5220883534136547,
        "profit_loss_ratio_2023_2024_1_5_bps": 0.9692227970508582,
        "sharpe_ratio_2023_1_5_bps": 0.34749256929399785,
        "annual_return_2023_2024_2_0_bps": 0.01240858772665554,
        "annual_volatility_2023_2024_2_0_bps": 0.048356326860146195,
        "sharpe_ratio_2023_2024_2_0_bps": 0.27910513584465174,
        "downside_risk_2023_2024_2_0_bps": 0.03324685110478756,
        "sortino_ratio_2023_2024_2_0_bps": 0.4059481944533984,
        "max_drawdown_2023_2024_2_0_bps": 0.04990216646713612,
        "calmar_ratio_2023_2024_2_0_bps": 0.2486582969263953,
        "perc_pos_return_2023_2024_2_0_bps": 0.5220883534136547,
        "profit_loss_ratio_2023_2024_2_0_bps": 0.9583894861948352,
        "sharpe_ratio_2023_2_0_bps": 0.27910513584465174,
        "annual_return_2023_2024_2_5_bps": 0.009065408549706166,
        "annual_volatility_2023_2024_2_5_bps": 0.04835374000044605,
        "sharpe_ratio_2023_2024_2_5_bps": 0.21070927144935295,