{
    "ALL": {
        "performance_sw": -0.5733715033142178,
        "performance_fw": -0.6757881782844544,
        "val_loss": 2.970994088794591,
        "annual_return_2022_2023": -0.018549025787506168,
        "annual_volatility_2022_2023": 0.03177684994763663,
        "sharpe_ratio_2022_2023": -0.5733715033142178,
        "downside_risk_2022_2023": 0.021696322706509025,
        "sortino_ratio_2022_2023": -0.8397708898199899,
        "max_drawdown_2022_2023": 0.03610235453639561,
        "calmar_ratio_2022_2023": -0.5137899182948433,
        "perc_pos_return_2022_2023": 0.4541832669322709,
        "profit_loss_ratio_2022_2023": 1.090596608458843,
        "sharpe_ratio_2022": -0.5733715033142178,
        "annual_return_2022_2023_0_5_bps": -0.020310704588477835,
        "annual_volatility_2022_2023_0_5_bps": 0.03177899599306441,
        "sharpe_ratio_2022_2023_0_5_bps": -0.6298599447953737,
        "downside_risk_2022_2023_0_5_bps": 0.02175841553703855,
        "sortino_ratio_2022_2023_0_5_bps": -0.9199344790419555,
        "max_drawdown_2022_2023_0_5_bps": 0.03744847723972469,
        "calmar_ratio_2022_2023_0_5_bps": -0.5423639647203757,
        "perc_pos_return_2022_2023_0_5_bps": 0.4541832669322709,
        "profit_loss_ratio_2022_2023_0_5_bps": 1.0802473585967105,
        "sharpe_ratio_2022_0_5_bps": -0.6298599447953737,
        "annual_return_2022_2023_1_0_bps": -0.0220692348966276,
        "annual_volatility_2022_2023_1_0_bps": 0.03178117894417378,
        "sharpe_ratio_2022_2023_1_0_bps": -0.686339960419244,
        "downside_risk_2022_2023_1_0_bps": 0.021820691867335144,
        "sortino_ratio_2022_2023_1_0_bps": -0.9996334319387015,
        "max_drawdown_2022_2023_1_0_bps": 0.03879273060395761,
        "calmar_ratio_2022_2023_1_0_bps": -0.5689013006569872,
        "perc_pos_return_2022_2023_1_0_bps": 0.4541832669322709,
        "profit_loss_ratio_2022_2023_1_0_bps": 1.0700010278771985,
        "sharpe_ratio_2022_1_0_bps": -0.686339960419244,
        "annual_return_2022_2023_1_5_bps": -0.023824622314547295,
        "annual_volatility_2022_2023_1_5_bps": 0.031783398793360465,
        "sharpe_ratio_2022_2023_1_5_bps": -0.7428113553522876,
        "downside_risk_2022_2023_1_5_bps": 0.02188315022895004,
        "sortino_ratio_2022_2023_1_5_bps": -1.0788697828416416,
        "max_drawdown_2022_2023_1_5_bps": 0.04013511721033211,
        "calmar_ratio_2022_2023_1_5_bps": -0.5936103833879933,
        "perc_pos_return_2022_2023_1_5_bps": 0.450199203187251,
        "profit_loss_ratio_2022_2023_1_5_bps": 1.0770414816593281,
        "sharpe_ratio_2022_1_5_bps": -0.7428113553522876,
        "annual_return_2022_2023_2_0_bps": -0.025576872434913578,
        "annual_volatility_2022_2023_2_0_bps": 0.031785655532893795,
        "sharpe_ratio_2022_2023_2_0_bps": -0.7992739349322023,
        "downside_risk_2022_2023_2_0_bps": 0.021945791139307134,
        "sortino_ratio_2022_2023_2_0_bps": -1.1576454824939906,
        "max_drawdown_2022_2023_2_0_bps": 0.04147563963655344,
        "calmar_ratio_2022_2023_2_0_bps": -0.616672163685502,
        "perc_pos_return_2022_2023_2_0_bps": 0.450199203187251,
        "profit_loss_ratio_2022_2023_2_0_bps": 1.0668399187003532,
        "sharpe_ratio_2022_2_0_bps": -0.7992739349322023,
        "annual_return_2022_2023_2_5_bps": -0.02732599084048548,
        "annual_volatility_2022_2023_2_5_bps": 0.03178794915491683,
        "sharpe_ratio_2022_2023_2_5_bps": -0.8557275046712249,
        "downside_risk_2022_2023_2_5_bps": 0.02200861469511038,
        "sortino_ratio_2022_2023_2_5_bps": -1.2359624985845266,
        "max_drawdown_2022_2023_2_5_bps": 0.04281430045678249,
        "calmar_ratio_2022_2023_2_5_bps": -0.6382444778717993,
        "perc_pos_return_2022_2023_2_5_bps": 0.44223107569721115,
        "profit_loss_ratio_2022_2023_2_5_bps": 1.0913758936964668,
        "sharpe_ratio_2022_2_5_bps": -0.8557275046712249,
        "annual_return_2022_2023_3_0_bps": -0.02907198310414194,
        "annual_volatility_2022_2023_3_0_bps": 0.03179027965144653,
        "sharpe_ratio_2022_2023_3_0_bps": -0.9121718702594196,
        "downside_risk_2022_2023_3_0_bps": 0.02207162162011348,
        "sortino_ratio_2022_2023_3_0_bps": -1.313822760503669,
        "max_drawdown_2022_2023_3_0_bps": 0.04415110224165062,
        "calmar_ratio_2022_2023_3_0_bps": -0.658465624369315,
        "perc_pos_return_2022_2023_3_0_bps": 0.44223107569721115,
        "profit_loss_ratio_2022_2023_3_0_bps": 1.0810588054064438,
        "sharpe_ratio_2022_3_0_bps": -0.9121718702594196
    },
    "COMB": {
        "annual_return_2022_2023": -0.018549025787506168,
        "annual_volatility_2022_2023": 0.03177684994763663,
        "sharpe_ratio_2022_2023": -0.5733715033142178,
        "downside_risk_2022_2023": 0.021696322706509025,
        "sortino_ratio_2022_2023": -0.8397708898199899,
        "max_drawdown_2022_2023": 0.03610235453639561,
        "calmar_ratio_2022_2023": -0.5137899182948433,
        "perc_pos_return_2022_2023": 0.4541832669322709,
        "profit_loss_ratio_2022_2023": 1.090596608458843,
        "sharpe_ratio_2022": -0.5733715033142178,
        "annual_return_2022_2023_0_5_bps": -0.020310704588477835,
        "annual_volatility_2022_2023_0_5_bps": 0.03177899599306441,
        "sharpe_ratio_2022_2023_0_5_bps": -0.6298599447953737,
        "downside_risk_2022_2023_0_5_bps": 0.02175841553703855,
        "sortino_ratio_2022_2023_0_5_bps": -0.9199344790419555,
        "max_drawdown_2022_2023_0_5_bps": 0.03744847723972469,
        "calmar_ratio_2022_2023_0_5_bps": -0.5423639647203757,
        "perc_pos_return_2022_2023_0_5_bps": 0.4541832669322709,
        "profit_loss_ratio_2022_2023_0_5_bps": 1.0802473585967105,
        "sharpe_ratio_2022_0_5_bps": -0.6298599447953737,
        "annual_return_2022_2023_1_0_bps": -0.0220692348966276,
        "annual_volatility_2022_2023_1_0_bps": 0.03178117894417378,
        "sharpe_ratio_2022_2023_1_0_bps": -0.686339960419244,
        "downside_risk_2022_2023_1_0_bps": 0.021820691867335144,
        "sortino_ratio_2022_2023_1_0_bps": -0.9996334319387015,
        "max_drawdown_2022_2023_1_0_bps": 0.03879273060395761,
        "calmar_ratio_2022_2023_1_0_bps": -0.5689013006569872,
        "perc_pos_return_2022_2023_1_0_bps": 0.4541832669322709,
        "profit_loss_ratio_2022_2023_1_0_bps": 1.0700010278771985,
        "sharpe_ratio_2022_1_0_bps": -0.686339960419244,
        "annual_return_2022_2023_1_5_bps": -0.023824622314547295,
        "annual_volatility_2022_2023_1_5_bps": 0.031783398793360465,
        "sharpe_ratio_2022_2023_1_5_bps": -0.7428113553522876,
        "downside_risk_2022_2023_1_5_bps": 0.02188315022895004,
        "sortino_ratio_2022_2023_1_5_bps": -1.0788697828416416,
        "max_drawdown_2022_2023_1_5_bps": 0.04013511721033211,
        "calmar_ratio_2022_2023_1_5_bps": -0.5936103833879933,
        "perc_pos_return_2022_2023_1_5_bps": 0.450199203187251,
        "profit_loss_ratio_2022_2023_1_5_bps": 1.0770414816593281,
        "sharpe_ratio_2022_1_5_bps": -0.7428113553522876,
        "annual_return_2022_2023_2_0_bps": -0.025576872434913578,
        "annual_volatility_2022_2023_2_0_bps": 0.031785655532893795,
        "sharpe_ratio_2022_2023_2_0_bps": -0.7992739349322023,
        "downside_risk_2022_2023_2_0_bps": 0.021945791139307134,
        "sortino_ratio_2022_2023_2_0_bps": -1.1576454824939906,
        "max_drawdown_2022_2023_2_0_bps": 0.04147563963655344,
        "calmar_ratio_2022_2023_2_0_bps": -0.616672163685502,
        "perc_pos_return_2022_2023_2_0_bps": 0.450199203187251,
        "profit_loss_ratio_2022_2023_2_0_bps": 1.0668399187003532,
        "sharpe_ratio_2022_2_0_bps": -0.7992739349322023,
        "annual_return_2022_2023_2_5_bps": -0.02732599084048548,
        "annual_volatility_2022_2023_2_5_bps": 0.03178794915491683,