{
    "ALL": {
        "performance_sw": 0.30922280559018495,
        "performance_fw": -0.01348271466882738,
        "val_loss": 4.052568954730194,
        "annual_return_2022_2023": 0.005330817127357834,
        "annual_volatility_2022_2023": 0.017697987074748425,
        "sharpe_ratio_2022_2023": 0.3092228055901848,
        "downside_risk_2022_2023": 0.011281021095832297,
        "sortino_ratio_2022_2023": 0.48511754122810385,
        "max_drawdown_2022_2023": 0.01654500613513692,
        "calmar_ratio_2022_2023": 0.322200976162631,
        "perc_pos_return_2022_2023": 0.4701195219123506,
        "profit_loss_ratio_2022_2023": 1.189366392256803,
        "sharpe_ratio_2022": 0.3092228055901848,
        "annual_return_2022_2023_0_5_bps": 0.003699371189610501,
        "annual_volatility_2022_2023_0_5_bps": 0.01769982866559783,
        "sharpe_ratio_2022_2023_0_5_bps": 0.2174321878715491,
        "downside_risk_2022_2023_0_5_bps": 0.011341329126243107,
        "sortino_ratio_2022_2023_0_5_bps": 0.3393352250758059,
        "max_drawdown_2022_2023_0_5_bps": 0.017031640773480777,
        "calmar_ratio_2022_2023_0_5_bps": 0.217205801766946,
        "perc_pos_return_2022_2023_0_5_bps": 0.46613545816733065,
        "profit_loss_ratio_2022_2023_0_5_bps": 1.1893942245933318,
        "sharpe_ratio_2022_0_5_bps": 0.2174321878715491,
        "annual_return_2022_2023_1_0_bps": 0.0020705607366633405,
        "annual_volatility_2022_2023_1_0_bps": 0.01770175654406142,
        "sharpe_ratio_2022_2023_1_0_bps": 0.12566005646590436,
        "downside_risk_2022_2023_1_0_bps": 0.01140188576345844,
        "sortino_ratio_2022_2023_1_0_bps": 0.19509086242570284,
        "max_drawdown_2022_2023_1_0_bps": 0.017518037758134302,
        "calmar_ratio_2022_2023_1_0_bps": 0.11819592840538885,
        "perc_pos_return_2022_2023_1_0_bps": 0.46613545816733065,
        "profit_loss_ratio_2022_2023_1_0_bps": 1.170565941318436,
        "sharpe_ratio_2022_1_0_bps": 0.12566005646590436,
        "annual_return_2022_2023_1_5_bps": 0.00044438153047998696,
        "annual_volatility_2022_2023_1_5_bps": 0.017703770681949945,
        "sharpe_ratio_2022_2023_1_5_bps": 0.03390774727128872,
        "downside_risk_2022_2023_1_5_bps": 0.011462687460840167,
        "sortino_ratio_2022_2023_1_5_bps": 0.05236948002666822,
        "max_drawdown_2022_2023_1_5_bps": 0.01800419720362512,
        "calmar_ratio_2022_2023_1_5_bps": 0.02468210748049968,
        "perc_pos_return_2022_2023_1_5_bps": 0.46613545816733065,
        "profit_loss_ratio_2022_2023_1_5_bps": 1.1520595530209166,
        "sharpe_ratio_2022_1_5_bps": 0.03390774727128872,
        "annual_return_2022_2023_2_0_bps": -0.001179170660205009,
        "annual_volatility_2022_2023_2_0_bps": 0.01770587104982599,
        "sharpe_ratio_2022_2023_2_0_bps": -0.05782340557697084,
        "downside_risk_2022_2023_2_0_bps": 0.011523730891388707,
        "sortino_ratio_2022_2023_2_0_bps": -0.08884394927798044,
        "max_drawdown_2022_2023_2_0_bps": 0.01849011922442884,
        "calmar_ratio_2022_2023_2_0_bps": -0.06377301551669327,
        "perc_pos_return_2022_2023_2_0_bps": 0.46215139442231074,
        "profit_loss_ratio_2022_2023_2_0_bps": 1.1521766327475085,
        "sharpe_ratio_2022_2_0_bps": -0.05782340557697084,
        "annual_return_2022_2023_2_5_bps": -0.0028001000598830705,
        "annual_volatility_2022_2023_2_5_bps": 0.017708057617006116,
        "sharpe_ratio_2022_2023_2_5_bps": -0.14953206980220873,
        "downside_risk_2022_2023_2_5_bps": 0.011585015213327271,
        "sortino_ratio_2022_2023_2_5_bps": -0.2285644393976757,
        "max_drawdown_2022_2023_2_5_bps": 0.01897580393496784,
        "calmar_ratio_2022_2023_2_5_bps": -0.14756160368642723,
        "perc_pos_return_2022_2023_2_5_bps": 0.4581673306772908,
        "profit_loss_ratio_2022_2023_2_5_bps": 1.1523380888917318,
        "sharpe_ratio_2022_2_5_bps": -0.14953206980220873,
        "annual_return_2022_2023_3_0_bps": -0.004418410886274149,
        "annual_volatility_2022_2023_3_0_bps": 0.01771033035156309,
        "sharpe_ratio_2022_2023_3_0_bps": -0.24121691508203225,
        "downside_risk_2022_2023_3_0_bps": 0.011646539780350497,
        "sortino_ratio_2022_2023_3_0_bps": -0.3668069085802898,
        "max_drawdown_2022_2023_3_0_bps": 0.01946125144960747,
        "calmar_ratio_2022_2023_3_0_bps": -0.22703631869281804,
        "perc_pos_return_2022_2023_3_0_bps": 0.4541832669322709,
        "profit_loss_ratio_2022_2023_3_0_bps": 1.1525481661485313,
        "sharpe_ratio_2022_3_0_bps": -0.24121691508203225
    },
    "COMB": {
        "annual_return_2022_2023": 0.005330817127357834,
        "annual_volatility_2022_2023": 0.017697987074748425,
        "sharpe_ratio_2022_2023": 0.3092228055901848,
        "downside_risk_2022_2023": 0.011281021095832297,
        "sortino_ratio_2022_2023": 0.48511754122810385,
        "max_drawdown_2022_2023": 0.01654500613513692,
        "calmar_ratio_2022_2023": 0.322200976162631,
        "perc_pos_return_2022_2023": 0.4701195219123506,
        "profit_loss_ratio_2022_2023": 1.189366392256803,
        "sharpe_ratio_2022": 0.3092228055901848,
        "annual_return_2022_2023_0_5_bps": 0.003699371189610501,
        "annual_volatility_2022_2023_0_5_bps": 0.01769982866559783,
        "sharpe_ratio_2022_2023_0_5_bps": 0.2174321878715491,
        "downside_risk_2022_2023_0_5_bps": 0.011341329126243107,
        "sortino_ratio_2022_2023_0_5_bps": 0.3393352250758059,
        "max_drawdown_2022_2023_0_5_bps": 0.017031640773480777,
        "calmar_ratio_2022_2023_0_5_bps": 0.217205801766946,
        "perc_pos_return_2022_2023_0_5_bps": 0.46613545816733065,
        "profit_loss_ratio_2022_2023_0_5_bps": 1.1893942245933318,
        "sharpe_ratio_2022_0_5_bps": 0.2174321878715491,
        "annual_return_2022_2023_1_0_bps": 0.0020705607366633405,
        "annual_volatility_2022_2023_1_0_bps": 0.01770175654406142,
        "sharpe_ratio_2022_2023_1_0_bps": 0.12566005646590436,
        "downside_risk_2022_2023_1_0_bps": 0.01140188576345844,
        "sortino_ratio_2022_2023_1_0_bps": 0.19509086242570284,
        "max_drawdown_2022_2023_1_0_bps": 0.017518037758134302,
        "calmar_ratio_2022_2023_1_0_bps": 0.11819592840538885,
        "perc_pos_return_2022_2023_1_0_bps": 0.46613545816733065,
        "profit_loss_ratio_2022_2023_1_0_bps": 1.170565941318436,
        "sharpe_ratio_2022_1_0_bps": 0.12566005646590436,
        "annual_return_2022_2023_1_5_bps": 0.00044438153047998696,
        "annual_volatility_2022_2023_1_5_bps": 0.017703770681949945,
        "sharpe_ratio_2022_2023_1_5_bps": 0.03390774727128872,
        "downside_risk_2022_2023_1_5_bps": 0.011462687460840167,
        "sortino_ratio_2022_2023_1_5_bps": 0.05236948002666822,
        "max_drawdown_2022_2023_1_5_bps": 0.01800419720362512,
        "calmar_ratio_2022_2023_1_5_bps": 0.02468210748049968,
        "perc_pos_return_2022_2023_1_5_bps": 0.46613545816733065,
        "profit_loss_ratio_2022_2023_1_5_bps": 1.1520595530209166,
        "sharpe_ratio_2022_1_5_bps": 0.03390774727128872,
        "annual_return_2022_2023_2_0_bps": -0.001179170660205009,
        "annual_volatility_2022_2023_2_0_bps": 0.01770587104982599,
        "sharpe_ratio_2022_2023_2_0_bps": -0.05782340557697084,
        "downside_risk_2022_2023_2_0_bps": 0.011523730891388707,
        "sortino_ratio_2022_2023_2_0_bps": -0.08884394927798044,
        "max_drawdown_2022_2023_2_0_bps": 0.01849011922442884,
        "calmar_ratio_2022_2023_2_0_bps": -0.06377301551669327,
        "perc_pos_return_2022_2023_2_0_bps": 0.46215139442231074,
        "profit_loss_ratio_2022_2023_2_0_bps": 1.1521766327475085,
        "sharpe_ratio_2022_2_0_bps": -0.05782340557697084,
        "annual_return_2022_2023_2_5_bps": -0.0028001000598830705,
        "annual_volatility_2022_2023_2_5_bps": 0.017708057617006116,