{
    "ALL": {
        "performance_sw": 1.6215562282734701,
        "performance_fw": 1.6184865601868517,
        "val_loss": 4.580112688936525,
        "annual_return_2021_2022": 0.09294179930265911,
        "annual_volatility_2021_2022": 0.055771907971222105,
        "sharpe_ratio_2021_2022": 1.6215562282734703,
        "downside_risk_2021_2022": 0.03626412813143215,
        "sortino_ratio_2021_2022": 2.4938496909579064,
        "max_drawdown_2021_2022": 0.027696147438307887,
        "calmar_ratio_2021_2022": 3.355766339332336,
        "perc_pos_return_2021_2022": 0.5317460317460317,
        "profit_loss_ratio_2021_2022": 1.1569560460245907,
        "sharpe_ratio_2021": 1.6215562282734703,
        "annual_return_2021_2022_0_5_bps": 0.08585598956420415,
        "annual_volatility_2021_2022_0_5_bps": 0.05578779675894291,
        "sharpe_ratio_2021_2022_0_5_bps": 1.504480214554135,
        "downside_risk_2021_2022_0_5_bps": 0.036469412547753814,
        "sortino_ratio_2021_2022_0_5_bps": 2.3014255117900526,
        "max_drawdown_2021_2022_0_5_bps": 0.028902816000143428,
        "calmar_ratio_2021_2022_0_5_bps": 2.970506042171742,
        "perc_pos_return_2021_2022_0_5_bps": 0.5238095238095238,
        "profit_loss_ratio_2021_2022_0_5_bps": 1.171098358956455,
        "sharpe_ratio_2021_0_5_bps": 1.504480214554135,
        "annual_return_2021_2022_1_0_bps": 0.07881590981637676,
        "annual_volatility_2021_2022_1_0_bps": 0.05580414634681233,
        "sharpe_ratio_2021_2022_1_0_bps": 1.3874594131442448,
        "downside_risk_2021_2022_1_0_bps": 0.036676030398005106,
        "sortino_ratio_2021_2022_1_0_bps": 2.11107874274134,
        "max_drawdown_2021_2022_1_0_bps": 0.03010802462293561,
        "calmar_ratio_2021_2022_1_0_bps": 2.6177708701731492,
        "perc_pos_return_2021_2022_1_0_bps": 0.5238095238095238,
        "profit_loss_ratio_2021_2022_1_0_bps": 1.1482512428871974,
        "sharpe_ratio_2021_1_0_bps": 1.3874594131442448,
        "annual_return_2021_2022_1_5_bps": 0.07182126627755148,
        "annual_volatility_2021_2022_1_5_bps": 0.055820956329934446,
        "sharpe_ratio_2021_2022_1_5_bps": 1.2704966827538764,
        "downside_risk_2021_2022_1_5_bps": 0.03688398500343097,
        "sortino_ratio_2021_2022_1_5_bps": 1.9227949430825777,
        "max_drawdown_2021_2022_1_5_bps": 0.03131177502790424,
        "calmar_ratio_2021_2022_1_5_bps": 2.293746241263749,
        "perc_pos_return_2021_2022_1_5_bps": 0.5198412698412699,
        "profit_loss_ratio_2021_2022_1_5_bps": 1.1439135338221165,
        "sharpe_ratio_2021_1_5_bps": 1.2704966827538764,
        "annual_return_2021_2022_2_0_bps": 0.06487176704477693,
        "annual_volatility_2021_2022_2_0_bps": 0.05583822629250613,
        "sharpe_ratio_2021_2022_2_0_bps": 1.1535948726570224,
        "downside_risk_2021_2022_2_0_bps": 0.037093290342337694,
        "sortino_ratio_2021_2022_2_0_bps": 1.736559117695086,
        "max_drawdown_2021_2022_2_0_bps": 0.03251406893429733,
        "calmar_ratio_2021_2022_2_0_bps": 1.995190671947774,
        "perc_pos_return_2021_2022_2_0_bps": 0.5158730158730159,
        "profit_loss_ratio_2021_2022_2_0_bps": 1.139588709155959,
        "sharpe_ratio_2021_2_0_bps": 1.1535948726570224,
        "annual_return_2021_2022_2_5_bps": 0.05796712208181409,
        "annual_volatility_2021_2022_2_5_bps": 0.05585595580786771,
        "sharpe_ratio_2021_2022_2_5_bps": 1.0367568223603403,
        "downside_risk_2021_2022_2_5_bps": 0.0373039374576493,
        "sortino_ratio_2021_2022_2_5_bps": 1.552357397098039,
        "max_drawdown_2021_2022_2_5_bps": 0.035148104162788345,
        "calmar_ratio_2021_2022_2_5_bps": 1.6492247153172055,
        "perc_pos_return_2021_2022_2_5_bps": 0.5158730158730159,
        "profit_loss_ratio_2021_2022_2_5_bps": 1.1173992846661447,
        "sharpe_ratio_2021_2_5_bps": 1.0367568223603403,
        "annual_return_2021_2022_3_0_bps": 0.05110704320727444,
        "annual_volatility_2021_2022_3_0_bps": 0.055874144438554846,
        "sharpe_ratio_2021_2022_3_0_bps": 0.9199853612749288,
        "downside_risk_2021_2022_3_0_bps": 0.037515905660217626,
        "sortino_ratio_2021_2022_3_0_bps": 1.3701760374064562,
        "max_drawdown_2021_2022_3_0_bps": 0.03888209166413775,
        "calmar_ratio_2021_2022_3_0_bps": 1.3144108513691963,
        "perc_pos_return_2021_2022_3_0_bps": 0.5119047619047619,
        "profit_loss_ratio_2021_2022_3_0_bps": 1.1132092577638972,
        "sharpe_ratio_2021_3_0_bps": 0.9199853612749288
    },
    "COMB": {
        "annual_return_2021_2022": 0.09294179930265911,
        "annual_volatility_2021_2022": 0.055771907971222105,
        "sharpe_ratio_2021_2022": 1.6215562282734703,
        "downside_risk_2021_2022": 0.03626412813143215,
        "sortino_ratio_2021_2022": 2.4938496909579064,
        "max_drawdown_2021_2022": 0.027696147438307887,
        "calmar_ratio_2021_2022": 3.355766339332336,
        "perc_pos_return_2021_2022": 0.5317460317460317,
        "profit_loss_ratio_2021_2022": 1.1569560460245907,
        "sharpe_ratio_2021": 1.6215562282734703,
        "annual_return_2021_2022_0_5_bps": 0.08585598956420415,
        "annual_volatility_2021_2022_0_5_bps": 0.05578779675894291,
        "sharpe_ratio_2021_2022_0_5_bps": 1.504480214554135,
        "downside_risk_2021_2022_0_5_bps": 0.036469412547753814,
        "sortino_ratio_2021_2022_0_5_bps": 2.3014255117900526,
        "max_drawdown_2021_2022_0_5_bps": 0.028902816000143428,
        "calmar_ratio_2021_2022_0_5_bps": 2.970506042171742,
        "perc_pos_return_2021_2022_0_5_bps": 0.5238095238095238,
        "profit_loss_ratio_2021_2022_0_5_bps": 1.171098358956455,
        "sharpe_ratio_2021_0_5_bps": 1.504480214554135,
        "annual_return_2021_2022_1_0_bps": 0.07881590981637676,
        "annual_volatility_2021_2022_1_0_bps": 0.05580414634681233,
        "sharpe_ratio_2021_2022_1_0_bps": 1.3874594131442448,
        "downside_risk_2021_2022_1_0_bps": 0.036676030398005106,
        "sortino_ratio_2021_2022_1_0_bps": 2.11107874274134,
        "max_drawdown_2021_2022_1_0_bps": 0.03010802462293561,
        "calmar_ratio_2021_2022_1_0_bps": 2.6177708701731492,
        "perc_pos_return_2021_2022_1_0_bps": 0.5238095238095238,
        "profit_loss_ratio_2021_2022_1_0_bps": 1.1482512428871974,
        "sharpe_ratio_2021_1_0_bps": 1.3874594131442448,
        "annual_return_2021_2022_1_5_bps": 0.07182126627755148,
        "annual_volatility_2021_2022_1_5_bps": 0.055820956329934446,
        "sharpe_ratio_2021_2022_1_5_bps": 1.2704966827538764,
        "downside_risk_2021_2022_1_5_bps": 0.03688398500343097,
        "sortino_ratio_2021_2022_1_5_bps": 1.9227949430825777,
        "max_drawdown_2021_2022_1_5_bps": 0.03131177502790424,
        "calmar_ratio_2021_2022_1_5_bps": 2.293746241263749,
        "perc_pos_return_2021_2022_1_5_bps": 0.5198412698412699,
        "profit_loss_ratio_2021_2022_1_5_bps": 1.1439135338221165,
        "sharpe_ratio_2021_1_5_bps": 1.2704966827538764,
        "annual_return_2021_2022_2_0_bps": 0.06487176704477693,
        "annual_volatility_2021_2022_2_0_bps": 0.05583822629250613,
        "sharpe_ratio_2021_2022_2_0_bps": 1.1535948726570224,
        "downside_risk_2021_2022_2_0_bps": 0.037093290342337694,
        "sortino_ratio_2021_2022_2_0_bps": 1.736559117695086,
        "max_drawdown_2021_2022_2_0_bps": 0.03251406893429733,
        "calmar_ratio_2021_2022_2_0_bps": 1.995190671947774,
        "perc_pos_return_2021_2022_2_0_bps": 0.5158730158730159,
        "profit_loss_ratio_2021_2022_2_0_bps": 1.139588709155959,
        "sharpe_ratio_2021_2_0_bps": 1.1535948726570224,
        "annual_return_2021_2022_2_5_bps": 0.05796712208181409,
        "annual_volatility_2021_2022_2_5_bps": 0.05585595580786771,
        "sharpe_ratio_2021_2022_2_5_bps": 1.0367568223603403,